contig_id,length_bp,length_kb,mapped_reads,RPM,RPKM
contig_1145,7063,7.063,1701,11485.17,1626.1
contig_689,9921,9.921,2263,15279.8,1540.15
contig_1027,13142,13.142,2644,17852.32,1358.42
contig_1044,13263,13.263,1938,13085.4,986.61
contig_258,6022,6.022,749,5057.26,839.8
contig_1171,7286,7.286,887,5989.03,821.99
contig_1100,26049,26.049,2999,20249.28,777.35
contig_1211,6167,6.167,697,4706.15,763.12
contig_1147,12271,12.271,1231,8311.73,677.35
contig_1141,18134,18.134,1689,11404.15,628.88
contig_1148,21575,21.575,1907,12876.09,596.81
contig_1177,19428,19.428,1623,10958.52,564.06
contig_1187,71359,71.359,5211,35184.74,493.07
contig_1133,38154,38.154,2312,15610.65,409.15
contig_1166,26802,26.802,1592,10749.2,401.06
contig_1130,7541,7.541,434,2930.37,388.59
contig_1058,54109,54.109,3003,20276.29,374.73
contig_1089,11326,11.326,628,4240.26,374.38
contig_1126,18820,18.82,940,6346.89,337.24
contig_1079,12016,12.016,556,3754.12,312.43
contig_1163,21982,21.982,906,6117.32,278.29
contig_1091,162968,162.968,6695,45204.72,277.38
contig_1123,47303,47.303,1920,12963.86,274.06
contig_1184,91080,91.08,3577,24151.95,265.17
contig_1111,13014,13.014,510,3443.53,264.6
contig_1183,30458,30.458,1154,7791.82,255.82
contig_927,13447,13.447,504,3403.01,253.07
contig_1168,8637,8.637,320,2160.64,250.16
contig_1102,19278,19.278,707,4773.67,247.62
contig_1115,10494,10.494,382,2579.27,245.79
contig_1085,21683,21.683,735,4962.73,228.88
contig_1121,16429,16.429,544,3673.09,223.57
contig_1080,22243,22.243,723,4881.7,219.47
contig_1124,41804,41.804,1337,9027.44,215.95
contig_1212,27117,27.117,839,5664.94,208.91
contig_1104,122332,122.332,3656,24685.36,201.79
contig_1060,27417,27.417,794,5361.1,195.54
contig_1129,34511,34.511,993,6704.75,194.28
contig_1071,10358,10.358,294,1985.09,191.65
contig_1194,10521,10.521,297,2005.35,190.6
contig_1073,55790,55.79,1561,10539.89,188.92
contig_710,7613,7.613,205,1384.16,181.82
contig_1196,23642,23.642,603,4071.46,172.21
contig_1165,50236,50.236,1229,8298.22,165.18
contig_1098,20508,20.508,496,3349.0,163.3
contig_1084,39632,39.632,954,6441.42,162.53
contig_1151,53599,53.599,1215,8203.69,153.06
contig_1065,83876,83.876,1848,12477.72,148.76
contig_1152,31750,31.75,676,4564.36,143.76
contig_1138,37657,37.657,776,5239.56,139.14
contig_1094,6939,6.939,142,958.79,138.17
contig_1062,11919,11.919,239,1613.73,135.39
contig_1189,202410,202.41,3918,26454.38,130.7
contig_1134,31418,31.418,589,3976.94,126.58
contig_1087,28243,28.243,523,3531.3,125.03
contig_1208,261217,261.217,4819,32537.95,124.56
contig_731,3078,3.078,52,351.1,114.07
contig_1174,11550,11.55,180,1215.36,105.23
contig_1179,9691,9.691,150,1012.8,104.51
contig_334,4978,4.978,70,472.64,94.95
contig_1077,23712,23.712,328,2214.66,93.4
contig_1088,78866,78.866,1056,7130.12,90.41
contig_1063,157845,157.845,2079,14037.43,88.93
contig_796,8725,8.725,111,749.47,85.9
contig_1128,18798,18.798,235,1586.72,84.41
contig_681,3842,3.842,48,324.1,84.36
contig_1070,17371,17.371,217,1465.19,84.35
contig_629,15206,15.206,189,1276.13,83.92
contig_1169,10501,10.501,129,871.01,82.95
contig_1200,29327,29.327,356,2403.72,81.96
contig_1142,83833,83.833,998,6738.51,80.38
contig_1170,52020,52.02,619,4179.5,80.34
contig_1204,53682,53.682,638,4307.78,80.25
contig_131,5008,5.008,59,398.37,79.55
contig_1125,32620,32.62,384,2592.77,79.48
contig_1203,46238,46.238,539,3639.33,78.71
contig_1172,18155,18.155,210,1417.92,78.1
contig_1096,63744,63.744,724,4888.46,76.69
contig_1207,40334,40.334,426,2876.36,71.31
contig_332,10328,10.328,109,735.97,71.26
contig_595,7226,7.226,76,513.15,71.01
contig_136,5331,5.331,55,371.36,69.66
contig_1202,104248,104.248,1053,7109.87,68.2
contig_804,6159,6.159,61,411.87,66.87
contig_1097,47229,47.229,467,3153.19,66.76
contig_592,3867,3.867,37,249.82,64.6
contig_1032,7815,7.815,74,499.65,63.93
contig_855,7400,7.4,70,472.64,63.87
contig_1192,17488,17.488,158,1066.82,61.0
contig_1167,28523,28.523,252,1701.51,59.65
contig_1201,56459,56.459,497,3355.75,59.44
contig_1101,11094,11.094,96,648.19,58.43
contig_392,3547,3.547,30,202.56,57.11
contig_1153,13586,13.586,112,756.23,55.66
contig_1112,18447,18.447,147,992.55,53.81
contig_124,8331,8.331,65,438.88,52.68
contig_1068,141480,141.48,1097,7406.96,52.35
contig_1119,32559,32.559,250,1688.0,51.84
contig_484,6513,6.513,50,337.6,51.83
contig_508,32062,32.062,244,1647.49,51.38
contig_1117,59482,59.482,444,2997.89,50.4
contig_823,5831,5.831,43,290.34,49.79
contig_1075,13324,13.324,98,661.7,49.66
contig_267,46672,46.672,341,2302.44,49.33
contig_158,177424,177.424,1296,8750.61,49.32
contig_802,5817,5.817,42,283.58,48.75
contig_1109,68217,68.217,488,3294.98,48.3
contig_634,10199,10.199,72,486.14,47.67
contig_679,16193,16.193,114,769.73,47.53
contig_303,6976,6.976,49,330.85,47.43
contig_326,11678,11.678,82,553.66,47.41
contig_1090,12462,12.462,87,587.43,47.14
contig_395,5016,5.016,35,236.32,47.11
contig_764,5329,5.329,37,249.82,46.88
contig_85,65821,65.821,456,3078.92,46.78
contig_831,33522,33.522,228,1539.46,45.92
contig_715,5414,5.414,36,243.07,44.9
contig_763,17207,17.207,114,769.73,44.73
contig_1069,165536,165.536,1090,7359.69,44.46
contig_1191,43105,43.105,281,1897.32,44.02
contig_1173,34963,34.963,227,1532.71,43.84
contig_585,19937,19.937,129,871.01,43.69
contig_1137,12730,12.73,82,553.66,43.49
contig_1042,9965,9.965,64,432.13,43.36
contig_867,8440,8.44,54,364.61,43.2
contig_1206,39875,39.875,254,1715.01,43.01
contig_935,35955,35.955,228,1539.46,42.82
contig_430,55626,55.626,352,2376.71,42.73
contig_898,13439,13.439,85,573.92,42.71
contig_816,77352,77.352,486,3281.48,42.42
contig_1158,93617,93.617,588,3970.18,42.41
contig_311,90753,90.753,561,3787.88,41.74
contig_29,3610,3.61,22,148.54,41.15
contig_378,34794,34.794,212,1431.43,41.14
contig_383,86535,86.535,523,3531.3,40.81
contig_152,40168,40.168,241,1627.23,40.51
contig_1182,163312,163.312,979,6610.22,40.48
contig_539,5193,5.193,31,209.31,40.31
contig_1046,8563,8.563,51,344.35,40.21
contig_1149,17156,17.156,102,688.71,40.14
contig_302,8261,8.261,49,330.85,40.05
contig_656,6289,6.289,37,249.82,39.72
contig_1092,9521,9.521,56,378.11,39.71
contig_372,22459,22.459,131,884.51,39.38
contig_1056,39146,39.146,227,1532.71,39.15
contig_992,15367,15.367,89,600.93,39.11
contig_910,86310,86.31,499,3369.25,39.04
contig_1016,9216,9.216,53,357.86,38.83
contig_1083,83659,83.659,481,3247.72,38.82
contig_642,5591,5.591,32,216.06,38.65
contig_541,5815,5.815,33,222.82,38.32
contig_1156,74007,74.007,416,2808.84,37.95
contig_928,5526,5.526,31,209.31,37.88
contig_673,5373,5.373,30,202.56,37.7
contig_86,3416,3.416,19,128.29,37.56
contig_510,6615,6.615,36,243.07,36.75
contig_1007,9224,9.224,50,337.6,36.6
contig_199,13182,13.182,71,479.39,36.37
contig_678,67559,67.559,361,2437.48,36.08
contig_350,6551,6.551,35,236.32,36.07
contig_1082,26822,26.822,143,965.54,36.0
contig_1199,10880,10.88,58,391.62,35.99
contig_417,18964,18.964,101,681.95,35.96
contig_146,52470,52.47,279,1883.81,35.9
contig_1198,30652,30.652,161,1087.07,35.47
contig_394,15433,15.433,81,546.91,35.44
contig_907,21013,21.013,110,742.72,35.35
contig_918,10234,10.234,53,357.86,34.97
contig_116,6185,6.185,32,216.06,34.93
contig_547,8523,8.523,44,297.09,34.86
contig_940,15327,15.327,79,533.41,34.8
contig_188,34376,34.376,177,1195.11,34.77
contig_534,69219,69.219,355,2396.96,34.63
contig_598,44908,44.908,229,1546.21,34.43
contig_1154,8641,8.641,44,297.09,34.38
contig_1176,39508,39.508,201,1357.15,34.35
contig_1209,9133,9.133,46,310.59,34.01
contig_429,21468,21.468,105,708.96,33.02
contig_672,7771,7.771,38,256.58,33.02
contig_574,12677,12.677,62,418.62,33.02
contig_45,16679,16.679,81,546.91,32.79
contig_7,10777,10.777,52,351.1,32.58
contig_1047,17211,17.211,83,560.42,32.56
contig_828,4998,4.998,24,162.05,32.42
contig_445,69867,69.867,333,2248.42,32.18
contig_1113,14588,14.588,69,465.89,31.94
contig_480,10374,10.374,49,330.85,31.89
contig_1162,25404,25.404,120,810.24,31.89
contig_1213,45006,45.006,212,1431.43,31.81
contig_68,17071,17.071,80,540.16,31.64
contig_836,5775,5.775,27,182.3,31.57
contig_346,9268,9.268,43,290.34,31.33
contig_506,4755,4.755,22,148.54,31.24
contig_151,28029,28.029,129,871.01,31.08
contig_172,25592,25.592,117,789.99,30.87
contig_733,77975,77.975,356,2403.72,30.83
contig_130,16665,16.665,76,513.15,30.79
contig_316,15833,15.833,72,486.14,30.7
contig_424,7938,7.938,36,243.07,30.62
contig_1074,60272,60.272,270,1823.04,30.25
contig_571,4960,4.96,22,148.54,29.95
contig_830,21350,21.35,94,634.69,29.73
contig_772,7269,7.269,32,216.06,29.72
contig_528,5921,5.921,26,175.55,29.65
contig_425,12331,12.331,54,364.61,29.57
contig_478,7572,7.572,33,222.82,29.43
contig_26,8721,8.721,38,256.58,29.42
contig_77,14022,14.022,61,411.87,29.37
contig_277,14272,14.272,62,418.62,29.33
contig_961,66651,66.651,289,1951.33,29.28
contig_441,5552,5.552,24,162.05,29.19
contig_201,16263,16.263,70,472.64,29.06
contig_1072,20732,20.732,89,600.93,28.99
contig_434,13518,13.518,58,391.62,28.97
contig_1195,82400,82.4,353,2383.46,28.93
contig_719,5846,5.846,25,168.8,28.87
contig_218,7962,7.962,34,229.57,28.83
contig_348,30727,30.727,129,871.01,28.35
contig_283,5533,5.533,23,155.3,28.07
contig_527,4817,4.817,20,135.04,28.03
contig_1116,86500,86.5,358,2417.22,27.94
contig_943,37013,37.013,153,1033.06,27.91
contig_1107,8499,8.499,35,236.32,27.81
contig_911,29729,29.729,121,816.99,27.48
contig_1093,10076,10.076,41,276.83,27.47
contig_1009,4681,4.681,19,128.29,27.41
contig_604,6415,6.415,26,175.55,27.37
contig_561,4959,4.959,20,135.04,27.23
contig_576,10179,10.179,41,276.83,27.2
contig_498,5467,5.467,22,148.54,27.17
contig_947,16212,16.212,65,438.88,27.07
contig_540,10984,10.984,44,297.09,27.05
contig_76,16777,16.777,67,452.38,26.96
contig_471,14038,14.038,56,378.11,26.93
contig_128,17411,17.411,69,465.89,26.76
contig_80,8370,8.37,33,222.82,26.62
contig_1036,25765,25.765,101,681.95,26.47
contig_433,26292,26.292,103,695.46,26.45
contig_368,9207,9.207,36,243.07,26.4
contig_1122,16702,16.702,65,438.88,26.28
contig_42,27275,27.275,106,715.71,26.24
contig_493,9087,9.087,35,236.32,26.01
contig_117,16690,16.69,64,432.13,25.89
contig_1006,16991,16.991,65,438.88,25.83
contig_61,14433,14.433,55,371.36,25.73
contig_106,17431,17.431,66,445.63,25.57
contig_90,8486,8.486,32,216.06,25.46
contig_1055,33755,33.755,126,850.75,25.2
contig_1061,24671,24.671,92,621.19,25.18
contig_249,46559,46.559,173,1168.1,25.09
contig_631,16002,16.002,59,398.37,24.89
contig_121,4347,4.347,16,108.03,24.85
contig_75,33977,33.977,125,844.0,24.84
contig_841,5190,5.19,19,128.29,24.72
contig_899,16682,16.682,61,411.87,24.69
contig_358,5478,5.478,20,135.04,24.65
contig_730,5215,5.215,19,128.29,24.6
contig_143,5766,5.766,21,141.79,24.59
contig_536,29100,29.1,106,715.71,24.59
contig_905,3855,3.855,14,94.53,24.52
contig_343,4972,4.972,18,121.54,24.44
contig_1186,11365,11.365,41,276.83,24.36
contig_1110,31157,31.157,112,756.23,24.27
contig_376,5028,5.028,18,121.54,24.17
contig_551,66750,66.75,238,1606.98,24.07
contig_250,5331,5.331,19,128.29,24.06
contig_468,9826,9.826,35,236.32,24.05
contig_700,33124,33.124,118,796.74,24.05
contig_578,11265,11.265,40,270.08,23.98
contig_903,24509,24.509,87,587.43,23.97
contig_736,3387,3.387,12,81.02,23.92
contig_739,6228,6.228,22,148.54,23.85
contig_880,7942,7.942,28,189.06,23.8
contig_144,12501,12.501,44,297.09,23.77
contig_1067,32202,32.202,113,762.98,23.69
contig_1038,8302,8.302,29,195.81,23.59
contig_449,7165,7.165,25,168.8,23.56
contig_25,20662,20.662,72,486.14,23.53
contig_24,12413,12.413,43,290.34,23.39
contig_55,15911,15.911,55,371.36,23.34
contig_155,9845,9.845,34,229.57,23.32
contig_174,12184,12.184,42,283.58,23.28
contig_52,32471,32.471,111,749.47,23.08
contig_565,3808,3.808,13,87.78,23.05
contig_1059,55425,55.425,189,1276.13,23.02
contig_73,19372,19.372,66,445.63,23.0
contig_890,5331,5.331,18,121.54,22.8
contig_285,5929,5.929,20,135.04,22.78
contig_20,62037,62.037,209,1411.17,22.75
contig_354,5344,5.344,18,121.54,22.74
contig_56,12202,12.202,41,276.83,22.69
contig_1139,6883,6.883,23,155.3,22.56
contig_499,6590,6.59,22,148.54,22.54
contig_287,7532,7.532,25,168.8,22.41
contig_122,7592,7.592,25,168.8,22.23
contig_549,13382,13.382,44,297.09,22.2
contig_1118,8889,8.889,29,195.81,22.03
contig_716,5832,5.832,19,128.29,22.0
contig_515,5245,5.245,17,114.78,21.88
contig_420,10503,10.503,34,229.57,21.86
contig_310,3407,3.407,11,74.27,21.8
contig_960,5898,5.898,19,128.29,21.75
contig_590,9337,9.337,30,202.56,21.69
contig_593,45917,45.917,147,992.55,21.62
contig_511,3751,3.751,12,81.02,21.6
contig_123,5947,5.947,19,128.29,21.57
contig_666,40480,40.48,129,871.01,21.52
contig_81,9126,9.126,29,195.81,21.46
contig_99,11705,11.705,37,249.82,21.34
contig_827,5386,5.386,17,114.78,21.31
contig_1175,62082,62.082,195,1316.64,21.21
contig_674,9873,9.873,31,209.31,21.2
contig_108,11501,11.501,36,243.07,21.13
contig_649,7350,7.35,23,155.3,21.13
contig_364,56328,56.328,176,1188.35,21.1
contig_858,10590,10.59,33,222.82,21.04
contig_247,15734,15.734,49,330.85,21.03
contig_329,7089,7.089,22,148.54,20.95
contig_842,6446,6.446,20,135.04,20.95
contig_667,7738,7.738,24,162.05,20.94
contig_315,4860,4.86,15,101.28,20.84
contig_1051,11338,11.338,35,236.32,20.84
contig_262,17250,17.25,53,357.86,20.75
contig_380,10769,10.769,33,222.82,20.69
contig_196,5548,5.548,17,114.78,20.69
contig_28,11795,11.795,36,243.07,20.61
contig_997,7540,7.54,23,155.3,20.6
contig_161,15867,15.867,48,324.1,20.43
contig_88,17909,17.909,54,364.61,20.36
contig_291,8959,8.959,27,182.3,20.35
contig_968,6648,6.648,20,135.04,20.31
contig_950,7341,7.341,22,148.54,20.23
contig_373,13380,13.38,40,270.08,20.19
contig_293,15760,15.76,47,317.34,20.14
contig_156,11744,11.744,35,236.32,20.12
contig_908,17115,17.115,51,344.35,20.12
contig_728,3693,3.693,11,74.27,20.11
contig_142,13812,13.812,41,276.83,20.04
contig_337,7094,7.094,21,141.79,19.99
contig_30,9461,9.461,28,189.06,19.98
contig_295,3379,3.379,10,67.52,19.98
contig_523,17304,17.304,51,344.35,19.9
contig_369,9307,9.307,27,182.3,19.59
contig_72,24820,24.82,72,486.14,19.59
contig_550,5527,5.527,16,108.03,19.55
contig_920,8002,8.002,23,155.3,19.41
contig_891,8027,8.027,23,155.3,19.35
contig_159,5588,5.588,16,108.03,19.33
contig_245,15111,15.111,43,290.34,19.21
contig_885,22522,22.522,64,432.13,19.19
contig_832,11265,11.265,32,216.06,19.18
contig_135,9524,9.524,27,182.3,19.14
contig_244,14131,14.131,40,270.08,19.11
contig_360,5329,5.329,15,101.28,19.01
contig_83,8878,8.878,25,168.8,19.01
contig_126,5000,5.0,14,94.53,18.91
contig_969,9649,9.649,27,182.3,18.89
contig_34,8966,8.966,25,168.8,18.83
contig_1160,15800,15.8,44,297.09,18.8
contig_504,5413,5.413,15,101.28,18.71
contig_298,7237,7.237,20,135.04,18.66
contig_204,20443,20.443,56,378.11,18.5
contig_762,12058,12.058,33,222.82,18.48
contig_610,8438,8.438,23,155.3,18.4
contig_655,14317,14.317,39,263.33,18.39
contig_563,10339,10.339,28,189.06,18.29
contig_225,8124,8.124,22,148.54,18.28
contig_664,5171,5.171,14,94.53,18.28
contig_882,7020,7.02,19,128.29,18.27
contig_1045,3700,3.7,10,67.52,18.25
contig_727,8880,8.88,24,162.05,18.25
contig_1000,3715,3.715,10,67.52,18.17
contig_405,4852,4.852,13,87.78,18.09
contig_84,14968,14.968,40,270.08,18.04
contig_366,17247,17.247,46,310.59,18.01
contig_426,33201,33.201,88,594.18,17.9
contig_770,4903,4.903,13,87.78,17.9
contig_1143,83407,83.407,221,1492.19,17.89
contig_215,11771,11.771,31,209.31,17.78
contig_934,9125,9.125,24,162.05,17.76
contig_902,5333,5.333,14,94.53,17.73
contig_328,10662,10.662,28,189.06,17.73
contig_375,21748,21.748,57,384.86,17.7
contig_790,20998,20.998,55,371.36,17.69
contig_1095,43267,43.267,113,762.98,17.63
contig_187,11912,11.912,31,209.31,17.57
contig_817,7724,7.724,20,135.04,17.48
contig_186,10543,10.543,27,182.3,17.29
contig_6,5469,5.469,14,94.53,17.28
contig_475,17984,17.984,46,310.59,17.27
contig_589,15273,15.273,39,263.33,17.24
contig_33,21990,21.99,56,378.11,17.19
contig_769,11023,11.023,28,189.06,17.15
contig_35,10655,10.655,27,182.3,17.11
contig_640,7141,7.141,18,121.54,17.02
contig_784,7546,7.546,19,128.29,17.0
contig_538,5167,5.167,13,87.78,16.99
contig_879,5175,5.175,13,87.78,16.96
contig_712,23100,23.1,58,391.62,16.95
contig_294,6789,6.789,17,114.78,16.91
contig_844,5601,5.601,14,94.53,16.88
contig_330,6806,6.806,17,114.78,16.87
contig_670,30829,30.829,77,519.9,16.86
contig_853,3610,3.61,9,60.77,16.83
contig_750,3618,3.618,9,60.77,16.8
contig_93,7665,7.665,19,128.29,16.74
contig_109,7271,7.271,18,121.54,16.72
contig_1086,27940,27.94,69,465.89,16.67
contig_92,22337,22.337,55,371.36,16.63
contig_270,10162,10.162,25,168.8,16.61
contig_729,9781,9.781,24,162.05,16.57
contig_149,8968,8.968,22,148.54,16.56
contig_988,8968,8.968,22,148.54,16.56
contig_543,13061,13.061,32,216.06,16.54
contig_401,5719,5.719,14,94.53,16.53
contig_1188,15126,15.126,37,249.82,16.52
contig_609,3270,3.27,8,54.02,16.52
contig_466,10218,10.218,25,168.8,16.52
contig_351,13916,13.916,34,229.57,16.5
contig_216,4104,4.104,10,67.52,16.45
contig_345,12331,12.331,30,202.56,16.43
contig_509,3706,3.706,9,60.77,16.4
contig_238,9475,9.475,23,155.3,16.39
contig_1010,19789,19.789,48,324.1,16.38
contig_22,16911,16.911,41,276.83,16.37
contig_103,17352,17.352,42,283.58,16.34
contig_954,10752,10.752,26,175.55,16.33
contig_2,9510,9.51,23,155.3,16.33
contig_1108,19040,19.04,46,310.59,16.31
contig_97,11597,11.597,28,189.06,16.3
contig_906,7484,7.484,18,121.54,16.24
contig_767,8327,8.327,20,135.04,16.22
contig_755,25543,25.543,61,411.87,16.12
contig_182,10074,10.074,24,162.05,16.09
contig_274,9230,9.23,22,148.54,16.09
contig_925,3783,3.783,9,60.77,16.06
contig_548,8461,8.461,20,135.04,15.96
contig_457,8053,8.053,19,128.29,15.93
contig_11,6363,6.363,15,101.28,15.92
contig_659,6405,6.405,15,101.28,15.81
contig_228,15821,15.821,37,249.82,15.79
contig_963,5151,5.151,12,81.02,15.73
contig_555,5161,5.161,12,81.02,15.7
contig_252,6027,6.027,14,94.53,15.68
contig_793,8654,8.654,20,135.04,15.6
contig_268,9121,9.121,21,141.79,15.55
contig_881,12634,12.634,29,195.81,15.5
contig_518,13957,13.957,32,216.06,15.48
contig_1076,7470,7.47,17,114.78,15.37
contig_406,3954,3.954,9,60.77,15.37
contig_566,7032,7.032,16,108.03,15.36
contig_544,7078,7.078,16,108.03,15.26
contig_579,5312,5.312,12,81.02,15.25
contig_110,16832,16.832,38,256.58,15.24
contig_412,5776,5.776,13,87.78,15.2
contig_162,23117,23.117,52,351.1,15.19
contig_177,20441,20.441,46,310.59,15.19
contig_12,15133,15.133,34,229.57,15.17
contig_956,7580,7.58,17,114.78,15.14
contig_230,8479,8.479,19,128.29,15.13
contig_612,4911,4.911,11,74.27,15.12
contig_333,14785,14.785,33,222.82,15.07
contig_448,13899,13.899,31,209.31,15.06
contig_1106,7621,7.621,17,114.78,15.06
contig_914,9870,9.87,22,148.54,15.05
contig_157,9433,9.433,21,141.79,15.03
contig_266,6296,6.296,14,94.53,15.01
contig_967,3603,3.603,8,54.02,14.99
contig_391,18475,18.475,41,276.83,14.98
contig_690,5415,5.415,12,81.02,14.96
contig_1023,6798,6.798,15,101.28,14.9
contig_47,24034,24.034,53,357.86,14.89
contig_686,7257,7.257,16,108.03,14.89
contig_797,4992,4.992,11,74.27,14.88
contig_694,13624,13.624,30,202.56,14.87
contig_638,3632,3.632,8,54.02,14.87
contig_477,6360,6.36,14,94.53,14.86
contig_570,5466,5.466,12,81.02,14.82
contig_160,18703,18.703,41,276.83,14.8
contig_253,9581,9.581,21,141.79,14.8
contig_996,32431,32.431,71,479.39,14.78
contig_883,31198,31.198,68,459.14,14.72
contig_211,31660,31.66,69,465.89,14.72
contig_408,10106,10.106,22,148.54,14.7
contig_9,24364,24.364,53,357.86,14.69
contig_725,10583,10.583,23,155.3,14.67
contig_203,8753,8.753,19,128.29,14.66
contig_1103,18975,18.975,41,276.83,14.59
contig_869,5555,5.555,12,81.02,14.59
contig_939,3702,3.702,8,54.02,14.59
contig_811,18094,18.094,39,263.33,14.55
contig_335,7903,7.903,17,114.78,14.52
contig_95,7916,7.916,17,114.78,14.5
contig_955,3734,3.734,8,54.02,14.47
contig_256,3737,3.737,8,54.02,14.45
contig_1127,13084,13.084,28,189.06,14.45
contig_353,13100,13.1,28,189.06,14.43
contig_805,6560,6.56,14,94.53,14.41
contig_221,12224,12.224,26,175.55,14.36
contig_1146,9925,9.925,21,141.79,14.29
contig_257,6620,6.62,14,94.53,14.28
contig_347,7096,7.096,15,101.28,14.27
contig_588,7122,7.122,15,101.28,14.22
contig_702,10041,10.041,21,141.79,14.12
contig_580,7662,7.662,16,108.03,14.1
contig_70,4789,4.789,10,67.52,14.1
contig_952,15345,15.345,32,216.06,14.08
contig_872,4803,4.803,10,67.52,14.06
contig_663,4826,4.826,10,67.52,13.99
contig_71,6296,6.296,13,87.78,13.94
contig_972,9204,9.204,19,128.29,13.94
contig_19,16492,16.492,34,229.57,13.92
contig_120,6800,6.8,14,94.53,13.9
contig_450,12146,12.146,25,168.8,13.9
contig_826,5348,5.348,11,74.27,13.89
contig_137,6813,6.813,14,94.53,13.87
contig_526,8289,8.289,17,114.78,13.85
contig_777,24433,24.433,50,337.6,13.82
contig_868,25904,25.904,53,357.86,13.81
contig_794,4894,4.894,10,67.52,13.8
contig_601,3918,3.918,8,54.02,13.79
contig_438,4409,4.409,9,60.77,13.78
contig_863,16195,16.195,33,222.82,13.76
contig_467,5405,5.405,11,74.27,13.74
contig_788,5404,5.404,11,74.27,13.74
contig_202,28564,28.564,58,391.62,13.71
contig_191,9417,9.417,19,128.29,13.62
contig_1150,25358,25.358,51,344.35,13.58
contig_586,5968,5.968,12,81.02,13.58
contig_269,15930,15.93,32,216.06,13.56
contig_485,15434,15.434,31,209.31,13.56
contig_977,21917,21.917,44,297.09,13.56
contig_132,10964,10.964,22,148.54,13.55
contig_46,7977,7.977,16,108.03,13.54
contig_658,5499,5.499,11,74.27,13.51
contig_1136,17534,17.534,35,236.32,13.48
contig_775,7522,7.522,15,101.28,13.46
contig_1132,19063,19.063,38,256.58,13.46
contig_839,8537,8.537,17,114.78,13.45
contig_507,8041,8.041,16,108.03,13.44
contig_513,8550,8.55,17,114.78,13.43
contig_643,13592,13.592,27,182.3,13.41
contig_723,5541,5.541,11,74.27,13.4
contig_276,11089,11.089,22,148.54,13.4
contig_573,7079,7.079,14,94.53,13.35
contig_134,21283,21.283,42,283.58,13.32
contig_553,4596,4.596,9,60.77,13.22
contig_709,8692,8.692,17,114.78,13.21
contig_178,5627,5.627,11,74.27,13.2
contig_759,15882,15.882,31,209.31,13.18
contig_792,4101,4.101,8,54.02,13.17
contig_237,5647,5.647,11,74.27,13.15
contig_685,5654,5.654,11,74.27,13.14
contig_279,6700,6.7,13,87.78,13.1
contig_255,5160,5.16,10,67.52,13.09
contig_904,22245,22.245,43,290.34,13.05
contig_1049,3106,3.106,6,40.51,13.04
contig_15,22811,22.811,44,297.09,13.02
contig_567,11408,11.408,22,148.54,13.02
contig_705,8299,8.299,16,108.03,13.02
contig_1052,7794,7.794,15,101.28,12.99
contig_1043,21316,21.316,41,276.83,12.99
contig_254,13002,13.002,25,168.8,12.98
contig_1022,43195,43.195,83,560.42,12.97
contig_627,5220,5.22,10,67.52,12.93
contig_632,9414,9.414,18,121.54,12.91
contig_584,5238,5.238,10,67.52,12.89
contig_605,11522,11.522,22,148.54,12.89
contig_639,9439,9.439,18,121.54,12.88
contig_181,4720,4.72,9,60.77,12.87
contig_533,5255,5.255,10,67.52,12.85
contig_581,41555,41.555,79,533.41,12.84
contig_113,7904,7.904,15,101.28,12.81
contig_937,6331,6.331,12,81.02,12.8
contig_374,5802,5.802,11,74.27,12.8
contig_198,8975,8.975,17,114.78,12.79
contig_140,9022,9.022,17,114.78,12.72
contig_783,5313,5.313,10,67.52,12.71
contig_415,18103,18.103,34,229.57,12.68
contig_619,7463,7.463,14,94.53,12.67
contig_119,10128,10.128,19,128.29,12.67
contig_691,14388,14.388,27,182.3,12.67
contig_208,10667,10.667,20,135.04,12.66
contig_766,8534,8.534,16,108.03,12.66
contig_1039,3740,3.74,7,47.26,12.64
contig_693,5350,5.35,10,67.52,12.62
contig_537,5355,5.355,10,67.52,12.61
contig_264,4289,4.289,8,54.02,12.59
contig_971,10745,10.745,20,135.04,12.57
contig_58,5918,5.918,11,74.27,12.55
contig_490,6998,6.998,13,87.78,12.54
contig_1144,21113,21.113,39,263.33,12.47
contig_363,12998,12.998,24,162.05,12.47
contig_948,5963,5.963,11,74.27,12.46
contig_414,7590,7.59,14,94.53,12.45
contig_65,18478,18.478,34,229.57,12.42
contig_1164,13055,13.055,24,162.05,12.41
contig_384,7078,7.078,13,87.78,12.4
contig_721,4908,4.908,9,60.77,12.38
contig_800,13156,13.156,24,162.05,12.32
contig_889,4964,4.964,9,60.77,12.24
contig_50,13851,13.851,25,168.8,12.19
contig_737,8880,8.88,16,108.03,12.17
contig_535,13393,13.393,24,162.05,12.1
contig_726,22889,22.889,41,276.83,12.09
contig_909,7267,7.267,13,87.78,12.08
contig_815,8943,8.943,16,108.03,12.08
contig_1157,32410,32.41,58,391.62,12.08
contig_452,7828,7.828,14,94.53,12.08
contig_60,16221,16.221,29,195.81,12.07
contig_94,25747,25.747,46,310.59,12.06
contig_965,13456,13.456,24,162.05,12.04
contig_4,5069,5.069,9,60.77,11.99
contig_313,16918,16.918,30,202.56,11.97
contig_227,7336,7.336,13,87.78,11.97
contig_67,18628,18.628,33,222.82,11.96
contig_57,5673,5.673,10,67.52,11.9
contig_190,7959,7.959,14,94.53,11.88
contig_317,6826,6.826,12,81.02,11.87
contig_265,5132,5.132,9,60.77,11.84
contig_1031,8569,8.569,15,101.28,11.82
contig_503,23469,23.469,41,276.83,11.8
contig_444,5723,5.723,10,67.52,11.8
contig_407,5731,5.731,10,67.52,11.78
contig_409,9176,9.176,16,108.03,11.77
contig_600,9779,9.779,17,114.78,11.74
contig_648,5757,5.757,10,67.52,11.73
contig_807,5180,5.18,9,60.77,11.73
contig_166,8649,8.649,15,101.28,11.71
contig_37,14428,14.428,25,168.8,11.7
contig_636,4043,4.043,7,47.26,11.69
contig_633,7515,7.515,13,87.78,11.68
contig_606,11572,11.572,20,135.04,11.67
contig_165,9842,9.842,17,114.78,11.66
contig_893,20853,20.853,36,243.07,11.66
contig_1018,8704,8.704,15,101.28,11.64
contig_273,8137,8.137,14,94.53,11.62
contig_874,6981,6.981,12,81.02,11.61
contig_542,16880,16.88,29,195.81,11.6
contig_200,18640,18.64,32,216.06,11.59
contig_837,9337,9.337,16,108.03,11.57
contig_608,11101,11.101,19,128.29,11.56
contig_711,5270,5.27,9,60.77,11.53
contig_1131,21096,21.096,36,243.07,11.52
contig_1020,3526,3.526,6,40.51,11.49
contig_497,19412,19.412,33,222.82,11.48
contig_259,5885,5.885,10,67.52,11.47
contig_396,11212,11.212,19,128.29,11.44
contig_180,8852,8.852,15,101.28,11.44
contig_1035,29515,29.515,50,337.6,11.44
contig_402,20073,20.073,34,229.57,11.44
contig_236,15409,15.409,26,175.55,11.39
contig_1181,10677,10.677,18,121.54,11.38
contig_966,7159,7.159,12,81.02,11.32
contig_410,5372,5.372,9,60.77,11.31
contig_819,8965,8.965,15,101.28,11.3
contig_359,16761,16.761,28,189.06,11.28
contig_599,7780,7.78,13,87.78,11.28
contig_1011,11977,11.977,20,135.04,11.27
contig_304,5996,5.996,10,67.52,11.26
contig_1034,9018,9.018,15,101.28,11.23
contig_133,17451,17.451,29,195.81,11.22
contig_646,8443,8.443,14,94.53,11.2
contig_251,10271,10.271,17,114.78,11.18
contig_319,10332,10.332,17,114.78,11.11
contig_933,23748,23.748,39,263.33,11.09
contig_575,4885,4.885,8,54.02,11.06
contig_1159,17718,17.718,29,195.81,11.05
contig_973,11009,11.009,18,121.54,11.04
contig_944,6120,6.12,10,67.52,11.03
contig_18,15299,15.299,25,168.8,11.03
contig_938,4916,4.916,8,54.02,10.99
contig_1105,28350,28.35,46,310.59,10.96
contig_752,6792,6.792,11,74.27,10.94
contig_991,11127,11.127,18,121.54,10.92
contig_878,34625,34.625,56,378.11,10.92
contig_492,5573,5.573,9,60.77,10.9
contig_1053,8674,8.674,14,94.53,10.9
contig_362,14258,14.258,23,155.3,10.89
contig_975,9920,9.92,16,108.03,10.89
contig_338,10578,10.578,17,114.78,10.85
contig_98,8722,8.722,14,94.53,10.84
contig_668,10602,10.602,17,114.78,10.83
contig_921,18092,18.092,29,195.81,10.82
contig_514,8112,8.112,13,87.78,10.82
contig_282,9378,9.378,15,101.28,10.8
contig_278,5641,5.641,9,60.77,10.77
contig_460,14413,14.413,23,155.3,10.77
contig_169,6274,6.274,10,67.52,10.76
contig_398,3146,3.146,5,33.76,10.73
contig_978,5034,5.034,8,54.02,10.73
contig_795,8859,8.859,14,94.53,10.67
contig_107,18981,18.981,30,202.56,10.67
contig_288,7606,7.606,12,81.02,10.65
contig_483,5710,5.71,9,60.77,10.64
contig_768,3817,3.817,6,40.51,10.61
contig_292,11466,11.466,18,121.54,10.6
contig_13,14721,14.721,23,155.3,10.55
contig_682,13444,13.444,21,141.79,10.55
contig_591,5773,5.773,9,60.77,10.53
contig_212,5779,5.779,9,60.77,10.52
contig_455,16703,16.703,26,175.55,10.51
contig_422,6428,6.428,10,67.52,10.5
contig_261,5150,5.15,8,54.02,10.49
contig_54,5169,5.169,8,54.02,10.45
contig_404,5814,5.814,9,60.77,10.45
contig_451,12302,12.302,19,128.29,10.43
contig_916,5186,5.186,8,54.02,10.42
contig_235,10363,10.363,16,108.03,10.42
contig_481,9123,9.123,14,94.53,10.36
contig_114,11751,11.751,18,121.54,10.34
contig_757,7184,7.184,11,74.27,10.34
contig_1099,18947,18.947,29,195.81,10.33
contig_994,7188,7.188,11,74.27,10.33
contig_684,19684,19.684,30,202.56,10.29
contig_325,8536,8.536,13,87.78,10.28
contig_489,5917,5.917,9,60.77,10.27
contig_1041,21690,21.69,33,222.82,10.27
contig_979,9867,9.867,15,101.28,10.26
contig_164,17149,17.149,26,175.55,10.24
contig_469,5995,5.995,9,60.77,10.14
contig_1002,11327,11.327,17,114.78,10.13
contig_546,9355,9.355,14,94.53,10.1
contig_488,16726,16.726,25,168.8,10.09
contig_323,4687,4.687,7,47.26,10.08
contig_810,4701,4.701,7,47.26,10.05
contig_232,6725,6.725,10,67.52,10.04
contig_717,12806,12.806,19,128.29,10.02
contig_87,6109,6.109,9,60.77,9.95
contig_41,15650,15.65,23,155.3,9.92
contig_517,8177,8.177,12,81.02,9.91
contig_297,7503,7.503,11,74.27,9.9
contig_210,3425,3.425,5,33.76,9.86
contig_505,9595,9.595,14,94.53,9.85
contig_1029,13108,13.108,19,128.29,9.79
contig_572,3447,3.447,5,33.76,9.79
contig_923,3462,3.462,5,33.76,9.75
contig_44,9750,9.75,14,94.53,9.7
contig_697,14649,14.649,21,141.79,9.68
contig_213,10463,10.463,15,101.28,9.68
contig_718,8389,8.389,12,81.02,9.66
contig_603,8397,8.397,12,81.02,9.65
contig_397,5600,5.6,8,54.02,9.65
contig_64,17505,17.505,25,168.8,9.64
contig_435,14765,14.765,21,141.79,9.6
contig_522,7762,7.762,11,74.27,9.57
contig_416,7807,7.807,11,74.27,9.51
contig_206,12159,12.159,17,114.78,9.44
contig_931,7184,7.184,10,67.52,9.4
contig_1026,9358,9.358,13,87.78,9.38
contig_876,6517,6.517,9,60.77,9.32
contig_602,13797,13.797,19,128.29,9.3
contig_1015,3633,3.633,5,33.76,9.29
contig_111,5088,5.088,7,47.26,9.29
contig_173,8001,8.001,11,74.27,9.28
contig_896,5125,5.125,7,47.26,9.22
contig_866,5161,5.161,7,47.26,9.16
contig_344,6669,6.669,9,60.77,9.11
contig_833,12652,12.652,17,114.78,9.07
contig_260,6700,6.7,9,60.77,9.07
contig_786,5986,5.986,8,54.02,9.02
contig_662,5283,5.283,7,47.26,8.95
contig_699,10709,10.709,14,94.53,8.83
contig_857,3828,3.828,5,33.76,8.82
contig_1037,14646,14.646,19,128.29,8.76
contig_1001,5397,5.397,7,47.26,8.76
contig_713,9276,9.276,12,81.02,8.73
contig_446,5449,5.449,7,47.26,8.67
contig_720,5462,5.462,7,47.26,8.65
contig_615,3930,3.93,5,33.76,8.59
contig_1008,3157,3.157,4,27.01,8.55
contig_698,7936,7.936,10,67.52,8.51
contig_597,5572,5.572,7,47.26,8.48
contig_370,6421,6.421,8,54.02,8.41
contig_379,10444,10.444,13,87.78,8.4
contig_519,6446,6.446,8,54.02,8.38
contig_125,6446,6.446,8,54.02,8.38
contig_300,9683,9.683,12,81.02,8.37
contig_778,5694,5.694,7,47.26,8.3
contig_5,14655,14.655,18,121.54,8.29
contig_340,12253,12.253,15,101.28,8.27
contig_779,5725,5.725,7,47.26,8.26
contig_305,4963,4.963,6,40.51,8.16
contig_981,5831,5.831,7,47.26,8.11
contig_970,5882,5.882,7,47.26,8.04
contig_421,6733,6.733,8,54.02,8.02
contig_722,3368,3.368,4,27.01,8.02
contig_706,9270,9.27,11,74.27,8.01
contig_930,5077,5.077,6,40.51,7.98
contig_1081,22855,22.855,27,182.3,7.98
contig_271,6783,6.783,8,54.02,7.96
contig_327,4242,4.242,5,33.76,7.96
contig_912,6053,6.053,7,47.26,7.81
contig_974,6048,6.048,7,47.26,7.81
contig_321,5260,5.26,6,40.51,7.7
contig_847,3518,3.518,4,27.01,7.68
contig_1014,5284,5.284,6,40.51,7.67
contig_1033,8923,8.923,10,67.52,7.57
contig_864,5364,5.364,6,40.51,7.55
contig_38,9019,9.019,10,67.52,7.49
contig_36,4589,4.589,5,33.76,7.36
contig_630,8289,8.289,9,60.77,7.33
contig_748,3691,3.691,4,27.01,7.32
contig_624,14777,14.777,16,108.03,7.31
contig_1054,3708,3.708,4,27.01,7.28
contig_922,5569,5.569,6,40.51,7.27
contig_929,5637,5.637,6,40.51,7.19
contig_239,6748,6.748,7,47.26,7.0
contig_447,3857,3.857,4,27.01,7.0
contig_838,6138,6.138,6,40.51,6.6
contig_871,8428,8.428,8,54.02,6.41
contig_280,5285,5.285,5,33.76,6.39
contig_1004,5290,5.29,5,33.76,6.38
contig_27,9659,9.659,9,60.77,6.29
contig_854,6539,6.539,6,40.51,6.2
contig_901,5500,5.5,5,33.76,6.14
contig_840,3452,3.452,3,20.26,5.87
contig_382,4660,4.66,4,27.01,5.8
contig_635,4724,4.724,4,27.01,5.72
contig_695,3623,3.623,3,20.26,5.59
contig_431,7434,7.434,6,40.51,5.45
contig_808,3810,3.81,3,20.26,5.32
contig_1024,5086,5.086,4,27.01,5.31
contig_813,3971,3.971,3,20.26,5.1
contig_865,4004,4.004,3,20.26,5.06
