LEVEL	NAME	TAXID	READ_COUNT	TOTAL_BP_MAPPED	ANI_CI95	COVERED_SIG_LEN	BEST_SIG_COV	DEPTH	REL_ABUNDANCE
superkingdom	Bacteria	2	185440	91757872	0.989794	30844094	0.524479	52.090469	1.000000
phylum	Pseudomonadota	1224	110090	49840927	0.989794	15493556	0.353571	28.898818	0.554781
phylum	Bacillota	1239	25150	19368512	0.987359	3490764	0.524479	11.231086	0.215607
phylum	Actinomycetota	201174	29825	10058831	0.989669	5331147	0.300710	6.358432	0.122065
phylum	Bacteroidota	976	9919	5911217	0.988957	2662385	0.293497	2.781215	0.053392
phylum	Thermodesulfobacteriota	200940	2642	2551633	0.987419	1254663	0.106040	0.754412	0.014483
phylum	Chlorobiota	1090	2271	715956	0.987935	279305	0.292582	0.749989	0.014398
phylum	Campylobacterota	29547	1402	413171	0.988450	261626	0.145268	0.439905	0.008445
phylum	Chloroflexota	200795	592	831062	0.986620	657053	0.270363	0.341965	0.006565
phylum	Planctomycetota	203682	1764	1239358	0.986546	766648	0.112712	0.201035	0.003859
phylum	Deinococcota	1297	780	329645	0.987091	168236	0.038872	0.140487	0.002697
phylum	Myxococcota	2818505	633	255596	0.987757	242769	0.029762	0.062065	0.001191
phylum	Fusobacteriota	32066	115	22303	0.984213	20231	0.026113	0.062002	0.001190
phylum	Gemmatimonadota	142182	128	87597	0.987441	85203	0.022589	0.023223	0.000446
phylum	Bdellovibrionota	3018035	37	55945	0.984224	54389	0.021849	0.022474	0.000431
phylum	Verrucomicrobiota	74201	73	58619	0.986649	58619	0.013232	0.013372	0.000257
phylum	Spirochaetota	203691	13	16074	0.969977	16074	0.006434	0.006434	0.000124
phylum	Cyanobacteriota	1117	6	1426	0.765764	1426	0.003408	0.003555	0.000068
class	Gammaproteobacteria	1236	34113	16443985	0.989049	5412067	0.353571	11.400828	0.218866
class	Betaproteobacteria	28216	38891	15533581	0.989794	5009875	0.261552	8.799242	0.168922
class	Alphaproteobacteria	28211	37086	17863361	0.989188	5071614	0.172355	8.698748	0.166993
class	Bacilli	91061	16839	11135418	0.986691	1504424	0.524479	8.075469	0.155028
class	Actinomycetes	1760	28659	9195667	0.989669	4861059	0.300710	5.989198	0.114977
class	Clostridia	186801	8066	8055270	0.987359	1931775	0.292070	3.052526	0.058600
class	Flavobacteriia	117743	6682	3088854	0.988957	1629209	0.293497	1.934529	0.037138
class	Chlorobiia	191410	2271	715956	0.987935	279305	0.292582	0.749989	0.014398
class	Epsilonproteobacteria	3031852	1402	413171	0.988450	261626	0.145268	0.439905	0.008445
class	Sphingobacteriia	117747	1299	1329530	0.985635	198681	0.049952	0.396977	0.007621
class	Desulfovibrionia	3031449	781	1159677	0.981583	44578	0.011215	0.343335	0.006591
class	Coriobacteriia	84998	918	796643	0.986995	407782	0.147950	0.342234	0.006570
class	Anaerolineae	292625	592	831062	0.986620	657053	0.270363	0.341965	0.006565
class	Bacteroidia	200643	1345	828277	0.987638	416780	0.058735	0.312173	0.005993
class	Planctomycetia	203683	1764	1239358	0.986546	766648	0.112712	0.201035	0.003859
class	Desulfuromonadia	3031651	692	394310	0.986667	287526	0.052126	0.145636	0.002796
class	Deinococci	188787	780	329645	0.987091	168236	0.038872	0.140487	0.002697
class	Cytophagia	768503	587	658083	0.986375	411242	0.089191	0.135901	0.002609
class	Desulfobulbia	3031451	502	375172	0.987343	329076	0.106040	0.120893	0.002321
class	Syntrophobacteria	3024408	335	305124	0.987419	289709	0.065506	0.093454	0.001794
class	Negativicutes	909932	220	145280	0.974863	22021	0.030014	0.087831	0.001686
class	Fusobacteriia	203490	115	22303	0.984213	20231	0.026113	0.062002	0.001190
class	Desulfobacteria	3024418	331	316726	0.985759	303150	0.048699	0.050880	0.000977
class	Myxococcia	32015	259	51060	0.986804	45231	0.029762	0.037011	0.000711
class	Thermoleophilia	1497346	244	65142	0.987921	60927	0.024624	0.026327	0.000505
class	Gemmatimonadetes	219685	128	87597	0.987441	85203	0.022589	0.023223	0.000446
class	Bdellovibrionia	3031418	37	55945	0.984224	54389	0.021849	0.022474	0.000431
class	Polyangiales - no_c_rank	Polyangiales - no_c_rank	324	184517	0.987757	177519	0.020755	0.021573	0.000414
class	Tissierellia	1737404	25	32544	0.979658	32544	0.015260	0.015260	0.000293
class	Verrucomicrobiae	203494	72	57982	0.986649	57982	0.013232	0.013232	0.000254
class	Spirochaetia	203692	13	16074	0.969977	16074	0.006434	0.006434	0.000124
class	Cyanophyceae	3028117	6	1426	0.765764	1426	0.003408	0.003555	0.000068
class	Haliangiales - no_c_rank	Haliangiales - no_c_rank	50	20019	0.964221	20019	0.003481	0.003481	0.000067
class	Chitinophagia	1853228	6	6473	0.857406	6473	0.001636	0.001636	0.000031
class	Rubrobacteria	84995	4	1379	0.537901	1379	0.000395	0.000672	0.000013
class	Syntrophia	3031648	1	624	0.516551	624	0.000214	0.000214	0.000004
class	Opitutae	414999	1	637	0.511243	637	0.000140	0.000140	0.000003
order	Lactobacillales	186826	15282	9835721	0.986691	1337367	0.524479	7.350881	0.141118
order	Burkholderiales	80840	24796	9131856	0.989794	2844517	0.190508	4.721112	0.090633
order	Hyphomicrobiales	356	19102	8215891	0.989070	2610681	0.133058	4.282486	0.082212
order	Eubacteriales	186802	8066	8055270	0.987359	1931775	0.292070	3.052526	0.058600
order	Neisseriales	206351	8779	4129753	0.987260	733173	0.233427	2.756667	0.052921
order	Micrococcales	85006	11155	3605633	0.989669	1389340	0.216790	2.680536	0.051459
order	Rhodobacterales	204455	9967	5193208	0.989188	554254	0.065553	2.446900	0.046974
order	Xanthomonadales	135614	4096	1652624	0.988305	695845	0.119934	2.290720	0.043976
order	Moraxellales	2887326	6262	3133986	0.987517	164307	0.026218	2.074489	0.039825
order	Enterobacterales	91347	5606	2063251	0.988701	870180	0.134488	2.033260	0.039033
order	Flavobacteriales	200644	6682	3088854	0.988957	1629209	0.293497	1.934529	0.037138
order	Pseudomonadales	72274	5943	1461596	0.989049	571996	0.065699	1.419183	0.027245
order	Sphingomonadales	204457	5565	2419199	0.987698	1376194	0.172355	1.290670	0.024777
order	Propionibacteriales	85009	5405	1725789	0.989041	1251852	0.147209	0.968258	0.018588
order	Mycobacteriales	85007	5711	1681485	0.989266	848029	0.146538	0.880311	0.016900
order	Chlorobiales	191411	2271	715956	0.987935	279305	0.292582	0.749989	0.014398
order	Bacillales	1385	1557	1299697	0.977832	167057	0.016977	0.724588	0.013910
order	Rhodocyclales	206389	3224	1152608	0.988021	573872	0.261552	0.713847	0.013704
order	Aeromonadales	135624	2071	1714226	0.986165	949638	0.353571	0.679127	0.013037
order	Pasteurellales	135625	1710	942526	0.983183	172381	0.020158	0.628333	0.012062
order	Rhodospirillales	204441	2034	1860953	0.987229	368459	0.043392	0.597006	0.011461
order	Nitrosomonadales	32003	1939	1017629	0.987351	761870	0.164986	0.575581	0.011050
order	Bifidobacteriales	85004	725	193676	0.989260	106466	0.300710	0.572823	0.010997
order	Cellvibrionales	1706369	1833	1480580	0.869535	7896	0.002093	0.538064	0.010329
order	Campylobacterales	213849	1402	413171	0.988450	261626	0.145268	0.439905	0.008445
order	Sphingobacteriales	200666	1299	1329530	0.985635	198681	0.049952	0.396977	0.007621
order	Actinomycetales	2037	1211	593748	0.987700	349911	0.199406	0.365356	0.007014
order	Desulfovibrionales	213115	781	1159677	0.981583	44578	0.011215	0.343335	0.006591
order	Anaerolineales	292629	592	831062	0.986620	657053	0.270363	0.341965	0.006565
order	Eggerthellales	1643822	911	793350	0.986995	404489	0.147950	0.339045	0.006509
order	Vibrionales	135623	950	893893	0.985951	397409	0.143353	0.326571	0.006269
order	Bacteroidales	171549	1320	808757	0.987638	402445	0.058735	0.307585	0.005905
order	Immundisolibacterales	1934945	1483	503550	0.988309	310216	0.182314	0.295937	0.005681
order	Acidiferrobacterales	1692040	989	561557	0.987775	386407	0.199271	0.289597	0.005559
order	Sporichthyales	2495578	1747	674723	0.986988	433033	0.176720	0.275353	0.005286
order	Thiotrichales	72273	839	420228	0.988223	307655	0.188057	0.256946	0.004933
order	Legionellales	118969	505	608597	0.986257	207595	0.064846	0.190106	0.003650
order	Methylococcales	135618	995	510524	0.939527	13647	0.003345	0.161575	0.003102
order	Cytophagales	768507	587	658083	0.986375	411242	0.089191	0.135901	0.002609
order	Geobacterales	3031668	640	360471	0.986667	253984	0.052126	0.134546	0.002583
order	Planctomycetales	112	972	752299	0.986546	645819	0.112712	0.131295	0.002521
order	Desulfobulbales	3024411	502	375172	0.987343	329076	0.106040	0.120893	0.002321
order	Oceanospirillales	135619	557	248520	0.987729	218628	0.053991	0.108988	0.002092
order	Chromatiales	135613	240	224952	0.985465	117998	0.030974	0.097068	0.001863
order	Deinococcales	118964	588	225503	0.987091	76970	0.031376	0.095860	0.001840
order	Syntrophobacterales	213462	335	305124	0.987419	289709	0.065506	0.093454	0.001794
order	Caulobacterales	204458	396	166248	0.987285	161660	0.023862	0.077489	0.001488
order	Fusobacteriales	203491	115	22303	0.984213	20231	0.026113	0.062002	0.001190
order	Nakamurellales	1643684	557	183481	0.987272	158030	0.053151	0.061711	0.001185
order	Isosphaerales	2691356	656	400981	0.972870	35425	0.004610	0.057639	0.001107
order	Pseudonocardiales	85010	750	163009	0.980757	27986	0.012513	0.051281	0.000984
order	Desulfobacterales	213118	331	316726	0.985759	303150	0.048699	0.050880	0.000977
order	Trueperales	2762275	192	104142	0.986896	91266	0.038872	0.044627	0.000857
order	Veillonellales	1843489	26	8554	0.974863	6521	0.030014	0.042739	0.000820
order	Selenomonadales	909929	185	126186	0.772440	7809	0.002123	0.040229	0.000772
order	Myxococcales	29	259	51060	0.986804	45231	0.029762	0.037011	0.000711
order	Glycomycetales	85014	383	139649	0.987177	133718	0.033481	0.034966	0.000671
order	Casimicrobiaceae - no_o_rank	Casimicrobiaceae - no_o_rank	153	101735	0.988738	96443	0.030369	0.032036	0.000615
order	Solirubrobacterales	588673	244	65142	0.987921	60927	0.024624	0.026327	0.000505
order	Kitasatosporales	85011	224	40262	0.982676	22473	0.014065	0.026166	0.000502
order	Gemmatimonadales	219686	128	87597	0.987441	85203	0.022589	0.023223	0.000446
order	Bdellovibrionales	213481	37	55945	0.984224	54389	0.021849	0.022474	0.000431
order	Polyangiales	3031712	324	184517	0.987757	177519	0.020755	0.021573	0.000414
order	Jiangellales	1217098	107	51865	0.958494	12885	0.004981	0.020049	0.000385
order	Kineosporiales	622452	219	38420	0.975417	27015	0.013302	0.018918	0.000363
order	Streptosporangiales	85012	272	59476	0.987507	57450	0.015132	0.015666	0.000301
order	Tissierellales	1737405	25	32544	0.979658	32544	0.015260	0.015260	0.000293
order	Frankiales	85013	130	26191	0.983330	24611	0.012505	0.013308	0.000255
order	Verrucomicrobiales	48461	72	57982	0.986649	57982	0.013232	0.013232	0.000254
order	Gemmatales	2691355	131	82833	0.984749	82159	0.011232	0.011464	0.000220
order	Desulfuromonadales	69541	52	33839	0.978170	33542	0.007396	0.011090	0.000213
order	Alteromonadales	135622	33	23188	0.918924	20082	0.004163	0.010792	0.000207
order	Spirochaetales	136	13	16074	0.969977	16074	0.006434	0.006434	0.000124
order	Acidaminococcales	1843488	9	10540	0.820053	7691	0.001797	0.004864	0.000093
order	Marinilabiliales	1970189	25	19520	0.952633	14335	0.003369	0.004588	0.000088
order	Maricaulales	2800059	22	7862	0.506376	366	0.000195	0.004197	0.000081
order	Chroococcales	1118	6	1426	0.765764	1426	0.003408	0.003555	0.000068
order	Haliangiales	3031714	50	20019	0.964221	20019	0.003481	0.003481	0.000067
order	Micromonosporales	85008	43	10802	0.936310	10802	0.003132	0.003234	0.000062
order	Coriobacteriales	84999	7	3293	0.859906	3293	0.003190	0.003190	0.000061
order	Chitinophagales	1853229	6	6473	0.857406	6473	0.001636	0.001636	0.000031
order	Catenulisporales	414714	20	7458	0.843907	7458	0.001261	0.001261	0.000024
order	Rubrobacterales	84996	4	1379	0.537901	1379	0.000395	0.000672	0.000013
order	Pirellulales	2691354	5	3245	0.668537	3245	0.000637	0.000637	0.000012
order	Syntrophales	2914038	1	624	0.516551	624	0.000214	0.000214	0.000004
order	Opitutales	415000	1	637	0.511243	637	0.000140	0.000140	0.000003
order	Nevskiales	1775403	1	187	0.501735	187	0.000072	0.000072	0.000001
family	Streptococcaceae	1300	5339	3161966	0.986691	177411	0.066815	3.239633	0.062192
family	Carnobacteriaceae	186828	4974	4454832	0.986095	995744	0.524479	2.627312	0.050437
family	Comamonadaceae	80864	15438	4419810	0.989794	919912	0.147965	2.451781	0.047068
family	Paracoccaceae	31989	9447	5079041	0.989188	453530	0.065553	2.355497	0.045219
family	Neisseriaceae	481	7627	3547335	0.987260	442545	0.182917	2.234363	0.042894
family	Xanthomonadaceae	32033	3260	1265880	0.988305	370486	0.119934	2.112055	0.040546
family	Moraxellaceae	468	6262	3133986	0.987517	164307	0.026218	2.074489	0.039825
family	Lachnospiraceae	186803	4061	4224888	0.987270	1361307	0.292070	1.818054	0.034902
family	Lactobacillaceae	33958	4967	2218736	0.968581	164025	0.017257	1.483843	0.028486
family	Weeksellaceae	2762318	4628	2085007	0.988597	959203	0.293497	1.427590	0.027406
family	Pseudomonadaceae	135621	5943	1461596	0.989049	571996	0.065699	1.419183	0.027245
family	Enterobacteriaceae	543	2784	931450	0.988701	571760	0.134488	1.283131	0.024633
family	Oscillospiraceae	216572	3449	3382503	0.987359	221591	0.071579	1.109703	0.021303
family	Sphingomonadaceae	41297	4630	1966361	0.987698	986671	0.172355	1.024253	0.019663
family	Microbacteriaceae	85023	4415	1334724	0.989669	779086	0.159343	0.978788	0.018790
family	Brucellaceae	118882	719	462603	0.962496	18252	0.011875	0.867419	0.016652
family	Chlorobiaceae	191412	2271	715956	0.987935	279305	0.292582	0.749989	0.014398
family	Zoogloeaceae	2008794	3178	1137634	0.988021	563664	0.261552	0.706549	0.013564
family	Pleomorphomonadaceae	2843308	3621	2397825	0.984289	48143	0.014077	0.701145	0.013460
family	Aeromonadaceae	84642	2071	1714226	0.986165	949638	0.353571	0.679127	0.013037
family	Micrococcaceae	1268	1212	873731	0.933794	27136	0.011463	0.657299	0.012618
family	Methylobacteriaceae	119045	2512	1447181	0.987142	688587	0.100503	0.655446	0.012583
family	Pasteurellaceae	712	1710	942526	0.983183	172381	0.020158	0.628333	0.012062
family	Promicromonosporaceae	85017	3210	822187	0.989049	274858	0.216790	0.614960	0.011806
family	Bifidobacteriaceae	31953	725	193676	0.989260	106466	0.300710	0.572823	0.010997
family	Rhizobiaceae	82115	2702	735952	0.988041	160701	0.051969	0.540606	0.010378
family	Halieaceae	1706372	1831	1478442	0.869535	5758	0.002093	0.537438	0.010317
family	Alcaligenaceae	506	1291	1152035	0.986272	813697	0.190508	0.537166	0.010312
family	Listeriaceae	186820	1053	1133241	0.977832	161948	0.016977	0.520970	0.010001
family	Flavobacteriaceae	49546	2054	1003847	0.988957	670006	0.167656	0.506939	0.009732
family	Propionibacteriaceae	31957	2370	1022619	0.988259	811608	0.147209	0.484134	0.009294
family	Burkholderiaceae	119060	2400	786439	0.987415	308524	0.043573	0.466038	0.008947
family	Mycobacteriaceae	1762	3719	870587	0.988849	366805	0.098491	0.458330	0.008799
family	Nocardioidaceae	85015	2725	613018	0.989041	353640	0.103967	0.458257	0.008797
family	Arcobacteraceae	2808963	1400	412633	0.988450	261088	0.145268	0.439451	0.008436
family	Chromobacteriaceae	1499392	729	302691	0.986305	88169	0.233427	0.421176	0.008085
family	Nitrobacteraceae	41294	2375	741244	0.965529	32579	0.007884	0.397047	0.007622
family	Sphingobacteriaceae	84566	1299	1329530	0.985635	198681	0.049952	0.396977	0.007621
family	Acetobacteraceae	433	1038	1110705	0.987229	110770	0.025852	0.386739	0.007424
family	Yersiniaceae	1903411	1766	529718	0.983722	117140	0.022268	0.386493	0.007420
family	Actinomycetaceae	2049	1211	593748	0.987700	349911	0.199406	0.365356	0.007014
family	Desulfovibrionaceae	194924	781	1159677	0.981583	44578	0.011215	0.343335	0.006591
family	Anaerolineaceae	292628	592	831062	0.986620	657053	0.270363	0.341965	0.006565
family	Erwiniaceae	1903409	997	593866	0.983831	176069	0.024011	0.340790	0.006542
family	Eggerthellaceae	1643826	911	793350	0.986995	404489	0.147950	0.339045	0.006509
family	Xylophilus - no_f_rank	Xylophilus - no_f_rank	940	826561	0.945152	10099	0.004040	0.330681	0.006348
family	Vibrionaceae	641	950	893893	0.985951	397409	0.143353	0.326571	0.006269
family	Gallionellaceae	90627	1003	513409	0.987063	396593	0.164986	0.315557	0.006058
family	Immundisolibacteraceae	1934946	1483	503550	0.988309	310216	0.182314	0.295937	0.005681
family	Thiomonas - no_f_rank	Thiomonas - no_f_rank	1662	442850	0.988436	274695	0.157021	0.294157	0.005647
family	Sutterellaceae	995019	752	608236	0.985247	126241	0.040376	0.293541	0.005635
family	Acidiferrobacteraceae	1692041	989	561557	0.987775	386407	0.199271	0.289597	0.005559
family	Sporichthyaceae	85033	1747	674723	0.986988	433033	0.176720	0.275353	0.005286
family	Corynebacteriaceae	1653	952	398953	0.987154	224980	0.146538	0.264105	0.005070
family	Erythrobacteraceae	335929	905	439004	0.987642	389044	0.125383	0.260234	0.004996
family	Thiotrichaceae	135617	839	420228	0.988223	307655	0.188057	0.256946	0.004933
family	Aurantimonadaceae	255475	1661	554422	0.988642	228558	0.116083	0.256558	0.004925
family	Phyllobacteriaceae	69277	1349	336056	0.988046	270022	0.133058	0.220288	0.004229
family	Xanthobacteraceae	335928	1503	604120	0.989070	481829	0.086696	0.217030	0.004166
family	Bacillaceae	186817	504	166456	0.737130	5109	0.001973	0.203618	0.003909
family	Legionellaceae	444	505	608597	0.986257	207595	0.064846	0.190106	0.003650
family	Cellulomonadaceae	85016	975	223654	0.989411	126614	0.086414	0.179476	0.003445
family	Rhodanobacteraceae	1775411	836	386744	0.987422	325359	0.101947	0.178664	0.003430
family	Methylococcaceae	403	995	510524	0.939527	13647	0.003345	0.161575	0.003102
family	Blastochloridaceae	2831090	719	246253	0.988783	232174	0.045474	0.142896	0.002743
family	Aquabacterium - no_f_rank	Aquabacterium - no_f_rank	718	320630	0.987835	80236	0.035183	0.140593	0.002699
family	Azospirillaceae	2829815	624	547757	0.985639	65928	0.019676	0.136117	0.002613
family	Ornithinimicrobiaceae	2805590	584	189050	0.989386	136618	0.086462	0.134730	0.002586
family	Geobacteraceae	213422	640	360471	0.986667	253984	0.052126	0.134546	0.002583
family	Planctomycetaceae	126	972	752299	0.986546	645819	0.112712	0.131295	0.002521
family	Desulfobulbaceae	213121	502	375172	0.987343	329076	0.106040	0.120893	0.002321
family	Oxalobacteraceae	75682	776	312504	0.985639	135082	0.026047	0.106944	0.002053
family	Rikenellaceae	171550	496	235334	0.958032	30891	0.007014	0.104942	0.002015
family	Beijerinckiaceae	45404	723	228856	0.956274	40564	0.018399	0.103804	0.001993
family	Chitinibacteraceae	2897177	423	279727	0.985860	202459	0.066022	0.101128	0.001941
family	Devosiaceae	2831106	639	224069	0.987529	196847	0.087968	0.100133	0.001922
family	Cyclobacteriaceae	563798	358	432575	0.986375	388880	0.089191	0.099212	0.001905
family	Deinococcaceae	183710	588	225503	0.987091	76970	0.031376	0.095860	0.001840
family	Syntrophobacteraceae	213465	335	305124	0.987419	289709	0.065506	0.093454	0.001794
family	Roseobacteraceae	2854170	520	114167	0.967911	100724	0.013950	0.091403	0.001755
family	Gordoniaceae	85026	685	232913	0.989266	201110	0.064722	0.088287	0.001695
family	Ectothiorhodospiraceae	72276	204	206311	0.985465	99357	0.030974	0.087901	0.001687
family	Bacteroidaceae	815	495	259733	0.977687	106475	0.019629	0.085726	0.001646
family	Barnesiellaceae	2005519	208	224243	0.987638	179273	0.058735	0.084952	0.001631
family	Methylophilaceae	32011	241	101690	0.958887	52262	0.022314	0.079390	0.001524
family	Caulobacteraceae	76892	396	166248	0.987285	161660	0.023862	0.077489	0.001488
family	Dermabacteraceae	85020	315	85803	0.937030	14510	0.006883	0.074496	0.001430
family	Rhodospirillaceae	41295	362	199868	0.986037	189138	0.043392	0.072753	0.001397
family	Clostridiaceae	31979	406	314955	0.984790	243990	0.022839	0.072576	0.001393
family	Methylocystaceae	31993	516	215048	0.986726	190513	0.057564	0.070531	0.001354
family	Nocardiaceae	85025	355	179032	0.986566	55134	0.012289	0.069590	0.001336
family	Sterolibacteriaceae	2008793	273	138956	0.985537	120633	0.039253	0.062253	0.001195
family	Fusobacteriaceae	203492	115	22303	0.984213	20231	0.026113	0.062002	0.001190
family	Nakamurellaceae	85031	557	183481	0.987272	158030	0.053151	0.061711	0.001185
family	Alcanivoracaceae	224372	317	163784	0.987729	147032	0.053991	0.060142	0.001155
family	Isosphaeraceae	1763524	656	400981	0.972870	35425	0.004610	0.057639	0.001107
family	Nitrosomonadaceae	206379	111	110999	0.984998	102919	0.048480	0.055389	0.001063
family	Rhizobacter - no_f_rank	Rhizobacter - no_f_rank	565	156730	0.988253	149547	0.026207	0.054725	0.001051
family	Pseudonocardiaceae	2070	750	163009	0.980757	27986	0.012513	0.051281	0.000984
family	Desulfosarcinaceae	3031624	331	316726	0.985759	303150	0.048699	0.050880	0.000977
family	Sphaerotilaceae	2975441	254	106061	0.967731	26484	0.006664	0.045486	0.000873
family	Trueperaceae	332247	192	104142	0.986896	91266	0.038872	0.044627	0.000857
family	Veillonellaceae	31977	26	8554	0.974863	6521	0.030014	0.042739	0.000820
family	Intestinimonas - no_f_rank	Intestinimonas - no_f_rank	115	110730	0.968922	82826	0.019939	0.042133	0.000809
family	Selenomonadaceae	1843491	185	126186	0.772440	7809	0.002123	0.040229	0.000772
family	Sulfuricellaceae	2772226	156	96404	0.979682	41243	0.010753	0.038779	0.000744
family	Spirosomataceae	2896860	229	225508	0.957897	22362	0.003139	0.036689	0.000704
family	Glycomycetaceae	85034	383	139649	0.987177	133718	0.033481	0.034966	0.000671
family	Halomonadaceae	28256	190	53742	0.984808	42959	0.017505	0.033549	0.000644
family	Anaeromyxobacteraceae	1524215	189	27568	0.986804	26492	0.029762	0.032387	0.000622
family	Casimicrobiaceae	2705999	153	101735	0.988738	96443	0.030369	0.032036	0.000615
family	Intrasporangiaceae	85021	321	39703	0.712831	3971	0.002642	0.028148	0.000540
family	Paraconexibacteraceae	2758916	244	65142	0.987921	60927	0.024624	0.026327	0.000505
family	Streptomycetaceae	2062	224	40262	0.982676	22473	0.014065	0.026166	0.000502
family	Gemmatimonadaceae	219687	128	87597	0.987441	85203	0.022589	0.023223	0.000446
family	Pectobacteriaceae	1903410	59	8217	0.692911	5211	0.001530	0.022846	0.000439
family	Pseudobdellovibrionaceae	213483	37	55945	0.984224	54389	0.021849	0.022474	0.000431
family	Kribbellaceae	2726069	275	77467	0.988021	73919	0.021323	0.022347	0.000429
family	Polyangiaceae	49	324	184517	0.987757	177519	0.020755	0.021573	0.000414
family	Jiangellaceae	1217100	107	51865	0.958494	12885	0.004981	0.020049	0.000385
family	Odoribacteraceae	1853231	80	61673	0.985928	58677	0.018566	0.019514	0.000375
family	Kineosporiaceae	83778	219	38420	0.975417	27015	0.013302	0.018918	0.000363
family	Usitatibacteraceae	2803844	129	47348	0.987351	45624	0.016990	0.017632	0.000338
family	Streptosporangiaceae	2004	272	59476	0.987507	57450	0.015132	0.015666	0.000301
family	Oceanospirillaceae	135620	50	30994	0.977400	28637	0.010353	0.015297	0.000294
family	Tissierellaceae	1737406	25	32544	0.979658	32544	0.015260	0.015260	0.000293
family	Frankiaceae	74712	130	26191	0.983330	24611	0.012505	0.013308	0.000255
family	Verrucomicrobiaceae	203557	72	57982	0.986649	57982	0.013232	0.013232	0.000254
family	Prevotellaceae	171552	31	26495	0.965798	26495	0.011930	0.011930	0.000229
family	Gemmataceae	1914233	131	82833	0.984749	82159	0.011232	0.011464	0.000220
family	Geoalkalibacteraceae	3031665	50	32587	0.978170	32290	0.007396	0.010702	0.000205
family	Idiomarinaceae	267893	29	19685	0.918924	16579	0.004163	0.009373	0.000180
family	Chromatiaceae	1046	30	14997	0.940801	14997	0.004931	0.007189	0.000138
family	Rhodocyclaceae	75787	43	13709	0.860974	8943	0.002788	0.006814	0.000131
family	Thiobacillaceae	2008790	26	8823	0.777666	2596	0.001936	0.006581	0.000126
family	Treponemataceae	2845253	13	16074	0.969977	16074	0.006434	0.006434	0.000124
family	Sphingosinicellaceae	2820280	30	13834	0.507856	479	0.000214	0.006183	0.000119
family	Ruaniaceae	1331736	58	15053	0.815964	4819	0.001674	0.005229	0.000100
family	Acidaminococcaceae	909930	9	10540	0.820053	7691	0.001797	0.004864	0.000093
family	Parvibaculaceae	2813035	28	12319	0.910902	12319	0.002854	0.004699	0.000090
family	Dermacoccaceae	145357	46	15433	0.961049	15433	0.004579	0.004623	0.000089
family	Prolixibacteraceae	1471398	25	19520	0.952633	14335	0.003369	0.004588	0.000088
family	Maricaulaceae	2800061	22	7862	0.506376	366	0.000195	0.004197	0.000081
family	Phreatobacteraceae	2843305	30	7860	0.928489	7510	0.003806	0.003983	0.000076
family	Clostridiales Family XVII. Incertae Sedis	539000	17	5008	0.902559	4875	0.003506	0.003601	0.000069
family	Microcystaceae	1890449	6	1426	0.765764	1426	0.003408	0.003555	0.000068
family	Actinopolymorphaceae	2805400	35	12685	0.952234	12685	0.003520	0.003520	0.000068
family	Kofleriaceae	224464	50	20019	0.964221	20019	0.003481	0.003481	0.000067
family	Micromonosporaceae	28056	43	10802	0.936310	10802	0.003132	0.003234	0.000062
family	Atopobiaceae	1643824	7	3293	0.859906	3293	0.003190	0.003190	0.000061
family	Eubacteriaceae	186806	8	9381	0.786263	9381	0.001529	0.002888	0.000055
family	Myxococcaceae	31	33	9223	0.908872	9223	0.002257	0.002493	0.000048
family	Archangiaceae	39	37	14269	0.815574	9516	0.001306	0.002130	0.000041
family	Desulfitobacteriaceae	2937909	5	1811	0.658482	1811	0.001305	0.001747	0.000034
family	Chitinophagaceae	563835	6	6473	0.857406	6473	0.001636	0.001636	0.000031
family	Peptococcaceae	186807	4	4987	0.816692	4987	0.001510	0.001510	0.000029
family	Thioalkalibacteraceae	2035710	2	2226	0.719458	2226	0.001425	0.001425	0.000027
family	Shewanellaceae	267890	4	3503	0.734492	3503	0.001079	0.001419	0.000027
family	Elioraeaceae	2690195	10	2623	0.736068	2623	0.001396	0.001396	0.000027
family	Pengzhenrongella - no_f_rank	Pengzhenrongella - no_f_rank	9	2488	0.730165	2488	0.001380	0.001380	0.000027
family	Dermatophilaceae	85018	9	3568	0.693392	3568	0.001282	0.001282	0.000025
family	Catenulisporaceae	414877	20	7458	0.843907	7458	0.001261	0.001261	0.000024
family	Lacipirellulaceae	2691359	5	3245	0.668537	3245	0.000637	0.000637	0.000012
family	Wenzhouxiangellaceae	1676141	4	1418	0.583695	1418	0.000553	0.000553	0.000011
family	Tannerellaceae	2005525	10	1279	0.504225	634	0.000118	0.000521	0.000010
family	Azonexaceae	2008795	3	1265	0.541898	1265	0.000370	0.000484	0.000009
family	Terrihabitans - no_f_rank	Terrihabitans - no_f_rank	3	988	0.554414	988	0.000479	0.000479	0.000009
family	Cellvibrionaceae	1706371	1	1676	0.579581	1676	0.000477	0.000477	0.000009
family	Sulfurospirillaceae	2932623	2	538	0.528131	538	0.000454	0.000454	0.000009
family	Hyphomicrobiaceae	45401	2	1095	0.550197	1095	0.000421	0.000421	0.000008
family	Rubrobacteraceae	84997	2	799	0.537901	799	0.000395	0.000395	0.000008
family	Desulfuromonadaceae	213421	2	1252	0.526929	1252	0.000257	0.000388	0.000007
family	Vallitaleaceae	2603322	1	1007	0.537731	1007	0.000313	0.000313	0.000006
family	Baekduiaceae	2600303	2	580	0.519578	580	0.000277	0.000277	0.000005
family	Syntrophaceae	213468	1	624	0.516551	624	0.000214	0.000214	0.000004
family	Microbulbiferaceae	1706373	1	462	0.508752	462	0.000149	0.000149	0.000003
family	Opitutaceae	134623	1	637	0.511243	637	0.000140	0.000140	0.000003
family	Bogoriellaceae	145358	1	239	0.503447	239	0.000125	0.000125	0.000002
family	Enterococcaceae	81852	2	187	0.502080	187	0.000093	0.000093	0.000002
family	Steroidobacteraceae	2689614	1	187	0.501735	187	0.000072	0.000072	0.000001
genus	Streptococcus	1301	5168	2999564	0.986691	167934	0.066815	2.972289	0.057060
genus	Acinetobacter	469	6194	3045526	0.916693	75847	0.006708	2.048270	0.039321
genus	Jeotgalibaca	1470540	3787	3731051	0.986095	985176	0.524479	1.986304	0.038132
genus	Uruburuella	299568	6154	2358229	0.987260	347494	0.182917	1.497421	0.028747
genus	Pseudomonas	286	5710	1383480	0.989049	510201	0.065699	1.370460	0.026309
genus	Pseudooceanicola	1679449	4632	2912319	0.985721	64368	0.024526	1.319809	0.025337
genus	Butyrivibrio	830	1914	2226635	0.981879	31218	0.015276	1.089581	0.020917
genus	Ligilactobacillus	2767887	4310	1502977	0.947685	59006	0.007440	1.071229	0.020565
genus	Sphingomonas	13687	4285	1737420	0.987698	806223	0.172355	0.914679	0.017559
genus	Comamonas	283	4252	1767437	0.988327	89876	0.029229	0.911774	0.017504
genus	Stenotrophomonas	40323	932	328785	0.961816	12287	0.030588	0.873366	0.016766
genus	Pseudochrobactrum	354349	719	462603	0.962496	18252	0.011875	0.867419	0.016652
genus	Caproicibacter	2576755	2644	2679765	0.891751	7609	0.002280	0.803013	0.015416
genus	Acidovorax	12916	6597	1440816	0.673092	2034	0.001124	0.796283	0.015287
genus	Xanthomonas	338	403	394197	0.986870	83208	0.078354	0.783554	0.015042
genus	Chlorobaculum	256319	2271	715956	0.987935	279305	0.292582	0.749989	0.014398
genus	Chryseobacterium	59732	2673	1407425	0.987657	643472	0.079414	0.714797	0.013722
genus	Hartmannibacter	1572860	3621	2397825	0.984289	48143	0.014077	0.701145	0.013460
genus	Citrobacter	544	351	173198	0.951326	8501	0.013029	0.677310	0.013003
genus	Carnobacterium	2747	1187	723781	0.927970	10568	0.005114	0.641009	0.012306
genus	Tolumonas	43947	1887	1693536	0.986165	944440	0.353571	0.634012	0.012171
genus	Pseudazoarcus	2891323	2685	955516	0.988021	427103	0.261552	0.585145	0.011233
genus	Wielerella	2944815	954	902058	0.944455	27339	0.009181	0.570920	0.010960
genus	Blautia	572511	1656	1503545	0.987270	923393	0.292070	0.562121	0.010791
genus	Aequoribacter	2847769	1831	1478442	0.869535	5758	0.002093	0.537438	0.010317
genus	Paracoccus	265	2314	941018	0.989188	162087	0.065553	0.520996	0.010002
genus	Brochothrix	2755	1053	1133241	0.977832	161948	0.016977	0.520970	0.010001
genus	Methylobacterium	407	731	603865	0.982505	77732	0.020715	0.516697	0.009919
genus	Cloacibacterium	501783	1337	327824	0.988597	189394	0.293497	0.508016	0.009753
genus	Flavobacterium	237	2046	1001229	0.988957	668650	0.167656	0.505542	0.009705
genus	Gardnerella	2701	553	145675	0.989260	87956	0.300710	0.498044	0.009561
genus	Mycolicibacterium	1866885	3708	867940	0.988849	364625	0.098491	0.456342	0.008761
genus	Nocardioides	1839	2654	585987	0.989041	327200	0.103967	0.446036	0.008563
genus	Isoptericola	254250	2534	509336	0.989049	266080	0.216790	0.414984	0.007967
genus	Bibersteinia	476528	1074	676531	0.975238	120630	0.020158	0.401754	0.007713
genus	Sphingobacterium	28453	1267	1303566	0.985635	172717	0.049952	0.390024	0.007487
genus	Nitrobacter	911	2253	702445	0.873124	7985	0.004132	0.369323	0.007090
genus	Limosilactobacillus	2742598	566	651659	0.968581	73043	0.017257	0.364232	0.006992
genus	Brevefilum	2019482	592	831062	0.986620	657053	0.270363	0.341965	0.006565
genus	Tessaracoccus	72763	1141	481188	0.988259	377714	0.147209	0.332093	0.006375
genus	Rothia	32207	723	593540	0.791634	15836	0.002221	0.331783	0.006369
genus	Xylophilus	54066	940	826561	0.945152	10099	0.004040	0.330681	0.006348
genus	Chromobacterium	535	144	54368	0.986305	38677	0.233427	0.328127	0.006299
genus	Vibrio	662	949	892291	0.985951	395807	0.143353	0.326118	0.006261
genus	Pseudodesulfovibrio	2035811	698	1110072	0.802410	4927	0.001362	0.325518	0.006249
genus	Shinella	323620	1526	366934	0.986196	21825	0.024368	0.323192	0.006204
genus	Acetobacter	434	632	879038	0.937365	14093	0.005176	0.322838	0.006198
genus	Flaviflexus	1522056	1164	537165	0.987700	332039	0.199406	0.322595	0.006193
genus	Serratia	613	1361	323095	0.983722	32921	0.022268	0.315834	0.006063
genus	Immundisolibacter	1934947	1483	503550	0.988309	310216	0.182314	0.295937	0.005681
genus	Thiomonas	32012	1662	442850	0.988436	274695	0.157021	0.294157	0.005647
genus	Erwinia	551	669	472250	0.975423	90381	0.008527	0.291321	0.005593
genus	Sulfuricaulis	1744881	989	561557	0.987775	386407	0.199271	0.289597	0.005559
genus	Epidermidibacterium	2078948	1747	674723	0.986988	433033	0.176720	0.275353	0.005286
genus	Ottowia	219181	1461	521597	0.988208	407017	0.147965	0.274206	0.005264
genus	Lactococcus	1357	171	162402	0.881254	9477	0.007971	0.267343	0.005132
genus	Corynebacterium	1716	952	398953	0.987154	224980	0.146538	0.264105	0.005070
genus	Alcaligenes	507	275	126627	0.596810	2250	0.004593	0.262871	0.005046
genus	Thiothrix	1030	839	420228	0.988223	307655	0.188057	0.256946	0.004933
genus	Duodenibacillus	1980697	636	504866	0.979097	25676	0.012818	0.252039	0.004838
genus	Protaetiibacter	2680004	1075	238836	0.989669	183716	0.122365	0.250227	0.004804
genus	Leucobacter	55968	661	429432	0.988391	360025	0.159343	0.242627	0.004658
genus	Orrella	1921582	787	865836	0.986272	702089	0.190508	0.234940	0.004510
genus	Kluyvera	579	1173	423970	0.988701	325695	0.126329	0.228876	0.004394
genus	Sideroxyarcus	2943286	737	369829	0.986602	266828	0.164986	0.228673	0.004390
genus	Lysobacter	68	881	227826	0.988305	166988	0.119934	0.222958	0.004280
genus	Qipengyuania	1855416	772	362047	0.987642	313883	0.125383	0.222651	0.004274
genus	Arcobacter	28196	991	307985	0.983293	204925	0.124183	0.218880	0.004202
genus	Mesorhizobium	68287	1248	299080	0.988046	233236	0.133058	0.207274	0.003979
genus	Heyndrickxia	2837504	504	166456	0.737130	5109	0.001973	0.203618	0.003909
genus	Xylanimonas	186188	676	312851	0.952604	8778	0.005611	0.199976	0.003839
genus	Microbacterium	33882	1202	263218	0.965846	35321	0.007826	0.194796	0.003740
genus	Kaistella	2782231	598	337202	0.946608	120624	0.068152	0.190586	0.003659
genus	Legionella	445	505	608597	0.986257	207595	0.064846	0.190106	0.003650
genus	Slackia	84108	588	486570	0.986995	388414	0.147950	0.186277	0.003576
genus	Glaesserella	2094023	538	220986	0.715034	10391	0.001601	0.183147	0.003516
genus	Agromyces	33877	1106	266669	0.988899	178961	0.100336	0.180779	0.003470
genus	Poseidonibacter	2321187	248	60297	0.988450	49074	0.145268	0.178490	0.003427
genus	Leclercia	83654	905	250896	0.988092	198280	0.134488	0.170852	0.003280
genus	Frateuria	70411	788	375302	0.987422	322682	0.101947	0.170269	0.003269
genus	Rhizobium	379	1022	328234	0.988041	120228	0.051969	0.167227	0.003210
genus	Methylomonas	416	980	502825	0.939527	10525	0.003345	0.159796	0.003068
genus	Ruminococcus	1263	332	408682	0.930496	38876	0.014393	0.151309	0.002905
genus	Aureimonas	414371	916	280053	0.988642	218697	0.116083	0.148650	0.002854
genus	Pseudoxanthomonas	83618	669	182687	0.964930	17516	0.013955	0.146770	0.002818
genus	Denitrobacterium	79603	294	295772	0.911174	6586	0.003199	0.143685	0.002758
genus	Blastochloris	59282	719	246253	0.988783	232174	0.045474	0.142896	0.002743
genus	Aquabacterium	92793	718	320630	0.987835	80236	0.035183	0.140593	0.002699
genus	Frigidibacter	1775705	705	321975	0.926993	7829	0.003414	0.140388	0.002695
genus	Microvirga	186650	1781	843316	0.987142	610855	0.100503	0.138750	0.002664
genus	Microlunatus	29404	1135	513480	0.987169	429030	0.103380	0.135392	0.002599
genus	Ancylobacter	99	864	322797	0.988097	232381	0.086696	0.131576	0.002526
genus	Caulifigura	2795778	972	752299	0.986546	645819	0.112712	0.131295	0.002521
genus	Burkholderia	32008	464	145874	0.987415	87569	0.043573	0.130362	0.002503
genus	Cupriavidus	106589	747	158143	0.951448	24643	0.011042	0.129750	0.002491
genus	Neotabrizicola	2946607	742	303406	0.981811	31427	0.013210	0.127530	0.002448
genus	Desulfobulbus	893	502	375172	0.987343	329076	0.106040	0.120893	0.002321
genus	Melaminivora	1649468	572	128218	0.989794	103707	0.093562	0.119434	0.002293
genus	Glutamicibacter	1742989	51	35275	0.748847	1757	0.005271	0.118438	0.002274
genus	Vescimonas	2892396	322	195357	0.987359	122371	0.071579	0.114271	0.002194
genus	Pandoraea	93217	602	262403	0.978100	23797	0.009699	0.110340	0.002118
genus	Alysiella	194195	372	195951	0.965271	12036	0.006724	0.109466	0.002101
genus	Niveispirillum	1543704	374	476122	0.776881	4746	0.001091	0.109457	0.002101
genus	Martelella	293088	745	274369	0.932283	9861	0.003450	0.107908	0.002072
genus	Alistipes	239759	496	235334	0.958032	30891	0.007014	0.104942	0.002015
genus	Cellulomonas	1707	600	120419	0.989411	99384	0.086414	0.104704	0.002010
genus	Ornithinimicrobium	125287	562	158657	0.989386	131102	0.086462	0.104635	0.002009
genus	Methylovirgula	1156568	723	228856	0.956274	40564	0.018399	0.103804	0.001993
genus	Simiaoa	2944193	269	293066	0.985208	268236	0.093474	0.102127	0.001961
genus	Devosia	46913	639	224069	0.987529	196847	0.087968	0.100133	0.001922
genus	Mongoliitalea	1511649	358	432575	0.986375	388880	0.089191	0.099212	0.001905
genus	Deinococcus	1298	588	225503	0.987091	76970	0.031376	0.095860	0.001840
genus	Aliiroseovarius	1658781	245	226268	0.841998	26804	0.002562	0.095363	0.001831
genus	Geobacter	28231	333	260427	0.986667	231631	0.052126	0.092105	0.001768
genus	Paludibacterium	400060	567	241988	0.983535	43157	0.013220	0.090074	0.001729
genus	Paenacidovorax	3051138	565	140643	0.988664	122031	0.076611	0.088296	0.001695
genus	Gordonia	2053	685	232913	0.989266	201110	0.064722	0.088287	0.001695
genus	Collimonas	202907	621	267409	0.985639	100598	0.026047	0.087226	0.001675
genus	Rhodobaca	119541	375	246791	0.986491	114326	0.038781	0.083714	0.001607
genus	Ferrigenium	2249462	255	132569	0.987063	118754	0.073293	0.081820	0.001571
genus	Pulveribacter	2678886	362	73025	0.988239	65380	0.072113	0.080546	0.001546
genus	Pseudothauera	2891324	376	140206	0.986590	122436	0.070120	0.080297	0.001541
genus	Pseudolabrys	556257	598	261918	0.989070	230043	0.069271	0.078869	0.001514
genus	Variovorax	34072	1311	188790	0.867109	5783	0.002189	0.077019	0.001479
genus	Leisingera	191028	424	93814	0.967911	83071	0.013950	0.075092	0.001442
genus	Acidihalobacter	1765964	135	181319	0.985465	74798	0.030974	0.075086	0.001441
genus	Bifidobacterium	1678	172	48001	0.912524	18510	0.006034	0.074779	0.001436
genus	Paraoerskovia	665568	375	103235	0.961012	27230	0.019722	0.074772	0.001435
genus	Brachybacterium	43668	315	85803	0.937030	14510	0.006883	0.074496	0.001430
genus	Deefgea	400947	224	215956	0.985860	191874	0.066022	0.074309	0.001427
genus	Methylophilus	16	227	89968	0.958887	40990	0.022314	0.074092	0.001422
genus	Desulfoglaeba	361106	230	200124	0.987419	188910	0.065506	0.069394	0.001332
genus	Sinomonas	596707	188	135399	0.787580	3309	0.001694	0.069323	0.001331
genus	Bacteroides	816	422	191832	0.977687	88005	0.019629	0.066641	0.001279
genus	Leifsonia	110932	259	92165	0.973706	15068	0.009439	0.064759	0.001243
genus	Diaphorobacter	238749	99	39783	0.983298	38142	0.054317	0.064382	0.001236
genus	Chenggangzhangella	2041902	487	190689	0.986726	173648	0.057564	0.063213	0.001214
genus	Aquisediminimonas	2676781	206	172880	0.986003	154512	0.055395	0.061980	0.001190
genus	Arthrobacter	1663	19	15889	0.933794	2945	0.011463	0.061848	0.001187
genus	Nakamurella	53460	557	183481	0.987272	158030	0.053151	0.061711	0.001185
genus	Barnesiella	397864	149	152257	0.987638	145194	0.058735	0.061592	0.001182
genus	Kocuria	57493	176	76986	0.680397	1687	0.001345	0.061366	0.001178
genus	Fusobacterium	848	111	19655	0.984213	18745	0.026113	0.060861	0.001168
genus	Isoalcanivorax	3020833	317	163784	0.987729	147032	0.053991	0.060142	0.001155
genus	Klebsiella	570	80	5939	0.741080	1453	0.014029	0.057555	0.001105
genus	Rhodococcus	1827	242	139725	0.929850	16294	0.003412	0.057153	0.001097
genus	Nitrosomonas	914	111	110999	0.984998	102919	0.048480	0.055389	0.001063
genus	Rhizobacter	212743	565	156730	0.988253	149547	0.026207	0.054725	0.001051
genus	Aquisphaera	1511635	602	375822	0.882268	10266	0.001449	0.053029	0.001018
genus	Clostridium	1485	284	217286	0.984790	206271	0.022839	0.052487	0.001008
genus	Desulfosarcina	2299	331	316726	0.985759	303150	0.048699	0.050880	0.000977
genus	Agrobacterium	357	154	40784	0.977614	18648	0.016279	0.050187	0.000963
genus	Pararhodospirillum	1612157	225	131829	0.986037	121474	0.043392	0.047091	0.000904
genus	Aeromonas	642	184	20690	0.821406	5198	0.002621	0.045116	0.000866
genus	Truepera	332248	192	104142	0.986896	91266	0.038872	0.044627	0.000857
genus	Phytobacter	447792	13	5653	0.905503	3777	0.027835	0.044579	0.000856
genus	Salmonella	590	7	2110	0.632006	2110	0.007420	0.044223	0.000849
genus	Intestinimonas	1392389	115	110730	0.968922	82826	0.019939	0.042133	0.000809
genus	Aliarcobacter	2321111	161	44351	0.727602	7089	0.001886	0.042081	0.000808
genus	Arenimonas	490567	203	55633	0.987436	51581	0.038675	0.041713	0.000801
genus	Sutterella	40544	116	103370	0.985247	100565	0.040376	0.041502	0.000797
genus	Sulfuritalea	1054211	179	92027	0.985537	88475	0.039253	0.040829	0.000784
genus	Selenomonas	970	185	126186	0.772440	7809	0.002123	0.040229	0.000772
genus	Fannyhessea	2767327	33	50364	0.967333	11653	0.008826	0.038147	0.000732
genus	Saccharothrix	2071	651	143707	0.919359	10481	0.002410	0.037427	0.000719
genus	Chania	1745211	205	128218	0.978589	28947	0.008292	0.036728	0.000705
genus	Geomonas	2651583	292	84610	0.976587	19939	0.008647	0.036694	0.000704
genus	Rhodovastum	504465	185	153377	0.970566	22557	0.005382	0.036595	0.000703
genus	Runella	105	227	222614	0.957897	19468	0.003139	0.035895	0.000689
genus	Cryobacterium	69578	64	29573	0.653166	1692	0.001994	0.035509	0.000682
genus	Paraburkholderia	1822464	326	137029	0.986617	122283	0.029614	0.035321	0.000678
genus	Stackebrandtia	283810	383	139649	0.987177	133718	0.033481	0.034966	0.000671
genus	Kingella	32257	83	46649	0.955011	11716	0.006884	0.034504	0.000662
genus	Ralstonia	48736	150	45526	0.883758	12879	0.006816	0.034331	0.000659
genus	Inhella	644355	180	84805	0.877285	5662	0.002284	0.034206	0.000657
genus	Lachnoclostridium	1506553	101	95489	0.984467	93915	0.033547	0.034109	0.000655
genus	Halomonas	2745	189	53416	0.984808	42633	0.017505	0.033429	0.000642
genus	Sulfuricella	935200	129	81666	0.979682	26505	0.010753	0.033133	0.000636
genus	Tsuneonella	2800686	113	70319	0.984627	68523	0.030787	0.033000	0.000634
genus	Lactobacillus	1578	43	25522	0.849376	17805	0.005412	0.032957	0.000633
genus	Anaeromyxobacter	161492	189	27568	0.986804	26492	0.029762	0.032387	0.000622
genus	Casimicrobium	2706000	153	101735	0.988738	96443	0.030369	0.032036	0.000615
genus	Stutzerimonas	2901164	167	35482	0.960483	19161	0.007480	0.031376	0.000602
genus	Luteimonas	83614	140	30831	0.985783	28558	0.017995	0.031310	0.000601
genus	Serinicoccus	265976	22	30393	0.935413	5516	0.005462	0.030094	0.000578
genus	Dialister	39948	4	3922	0.974863	3922	0.030014	0.030014	0.000576
genus	Mannheimia	75984	71	23397	0.983183	22865	0.018545	0.029183	0.000560
genus	Thauera	33057	32	16856	0.971224	13514	0.022114	0.028267	0.000543
genus	Janibacter	53457	321	39703	0.712831	3971	0.002642	0.028148	0.000540
genus	Brevundimonas	41275	135	40168	0.980209	39461	0.015951	0.027897	0.000536
genus	Bradyrhizobium	374	122	38799	0.965529	24594	0.007884	0.027725	0.000532
genus	Sediminicoccus	1706033	221	78290	0.987229	74120	0.025852	0.027307	0.000524
genus	Azospirillum	191	250	71635	0.985639	61182	0.019676	0.026660	0.000512
genus	Paraconexibacter	2758920	244	65142	0.987921	60927	0.024624	0.026327	0.000505
genus	Pantoea	53335	100	90844	0.983831	84546	0.024011	0.026321	0.000505
genus	Aquirhabdus	2824158	68	88460	0.987517	88460	0.026218	0.026218	0.000503
genus	Streptomyces	1883	224	40262	0.982676	22473	0.014065	0.026166	0.000502
genus	Magnetospirillum	13134	134	67167	0.979345	66792	0.010724	0.025259	0.000485
genus	Chitinimonas	240411	186	59537	0.896726	6351	0.002690	0.025213	0.000484
genus	Caulobacter	75	140	54956	0.987285	52503	0.023862	0.025190	0.000484
genus	Syntrophobacter	29526	105	105000	0.986168	100799	0.023097	0.024059	0.000462
genus	Trabulsiella	158851	162	42199	0.912903	17811	0.010129	0.023999	0.000461
genus	Fuscovulum	2818469	129	42506	0.924848	8766	0.004896	0.023740	0.000456
genus	Coprobacter	1348911	59	71986	0.968299	34079	0.010377	0.023360	0.000448
genus	Sphingopyxis	165697	70	26414	0.798573	3792	0.002461	0.023265	0.000447
genus	Gemmatimonas	173479	128	87597	0.987441	85203	0.022589	0.023223	0.000446
genus	Solibaculum	2842531	38	48840	0.979529	48840	0.023193	0.023193	0.000445
genus	Mixta	2100764	228	30772	0.600184	1142	0.000859	0.023148	0.000444
genus	Polaromonas	52972	76	70028	0.981534	45067	0.014544	0.022599	0.000434
genus	Pigmentiphaga	152267	166	99680	0.985109	95901	0.021679	0.022534	0.000433
genus	Pseudobdellovibrio	2862745	37	55945	0.984224	54389	0.021849	0.022474	0.000431
genus	Kribbella	182639	275	77467	0.988021	73919	0.021323	0.022347	0.000429
genus	Chondromyces	50	324	184517	0.987757	177519	0.020755	0.021573	0.000414
genus	Rahnella	34037	111	52611	0.965569	33766	0.010564	0.021066	0.000404
genus	Paralysiella	2898489	61	42026	0.983694	41538	0.020603	0.020845	0.000400
genus	Polynucleobacter	44013	52	23109	0.924611	23109	0.020774	0.020774	0.000399
genus	Hungatella	1649459	122	97669	0.892132	37719	0.007758	0.020088	0.000386
genus	Jiangella	281472	107	51865	0.958494	12885	0.004981	0.020049	0.000385
genus	Terricaulis	2768684	105	57867	0.986254	56439	0.019551	0.020046	0.000385
genus	Rhodobacter	1060	134	36487	0.840518	12627	0.002965	0.020021	0.000384
genus	Butyricimonas	574697	80	61673	0.985928	58677	0.018566	0.019514	0.000375
genus	Phocaeicola	909656	73	67901	0.969666	18470	0.005191	0.019085	0.000366
genus	Escherichia	561	4	1343	0.685988	812	0.008246	0.019013	0.000365
genus	Kineococcus	33981	219	38420	0.975417	27015	0.013302	0.018918	0.000363
genus	Usitatibacter	2803845	129	47348	0.987351	45624	0.016990	0.017632	0.000338
genus	Halopseudomonas	2901189	66	42634	0.984550	42634	0.016613	0.017347	0.000333
genus	Advenella	290425	61	58809	0.939172	12374	0.003148	0.016414	0.000315
genus	Pusillibacter	2892397	89	45506	0.571296	1807	0.000652	0.016412	0.000315
genus	Acidipropionibacterium	1912215	92	26605	0.646951	3518	0.000989	0.015987	0.000307
genus	Nonomuraea	83681	272	59476	0.987507	57450	0.015132	0.015666	0.000301
genus	Gudongella	2692382	25	32544	0.979658	32544	0.015260	0.015260	0.000293
genus	Pectobacterium	122277	40	2284	0.509754	191	0.000932	0.015154	0.000291
genus	Anaerocolumna	1843210	66	71971	0.951694	16159	0.003349	0.014917	0.000286
genus	Venatoribacter	2893036	43	29595	0.977400	27481	0.010353	0.014884	0.000286
genus	Micrococcus	1269	54	16464	0.643341	1424	0.001249	0.014441	0.000277
genus	Histophilus	214906	26	21282	0.781820	18165	0.001941	0.014091	0.000271
genus	Elizabethkingia	308865	19	11772	0.812640	4929	0.002957	0.013897	0.000267
genus	Lactiplantibacillus	2767842	44	37974	0.740012	13690	0.001174	0.013894	0.000267
genus	Pseudonocardia	1847	98	19117	0.980757	17320	0.012513	0.013811	0.000265
genus	Pseudoduganella	1522432	122	34534	0.976285	24294	0.008127	0.013780	0.000265
genus	Desulfovibrio	872	53	37393	0.981583	36663	0.011215	0.013568	0.000260
genus	Frankia	1854	130	26191	0.983330	24611	0.012505	0.013308	0.000255
genus	Luteolibacter	518753	72	57982	0.986649	57982	0.013232	0.013232	0.000254
genus	Thioalkalivibrio	106633	69	24992	0.982777	24559	0.012594	0.012816	0.000246
genus	Azoarcus	12960	84	24768	0.504469	323	0.000166	0.012700	0.000244
genus	Veillonella	29465	21	4280	0.766967	2247	0.004941	0.012580	0.000242
genus	Nocardia	1817	113	39307	0.986566	38840	0.012289	0.012437	0.000239
genus	Pseudolysobacter	2709666	30	45781	0.925595	10208	0.002729	0.012238	0.000235
genus	Thioclava	285107	35	19554	0.974183	15196	0.009150	0.011932	0.000229
genus	Prevotella	838	31	26495	0.965798	26495	0.011930	0.011930	0.000229
genus	Micropruina	116071	68	26569	0.982799	25978	0.011603	0.011867	0.000228
genus	Aquibium	2911176	94	34875	0.982610	34685	0.011439	0.011607	0.000223
genus	Pseudocitrobacter	1504576	71	23115	0.920593	10453	0.005244	0.011597	0.000223
genus	Sphingobium	165695	17	5125	0.519312	302	0.000672	0.011410	0.000219
genus	Limnoglobus	2731450	129	82203	0.984749	81529	0.011232	0.011325	0.000217
genus	Novosphingobium	165696	37	20686	0.977815	18658	0.010015	0.011103	0.000213
genus	Phaeobacter	302485	44	7009	0.633905	6076	0.002238	0.010718	0.000206
genus	Geoalkalibacter	392332	50	32587	0.978170	32290	0.007396	0.010702	0.000205
genus	Rhodoferax	28065	81	28443	0.984770	28169	0.010250	0.010350	0.000199
genus	Idiomarina	135575	29	19685	0.918924	16579	0.004163	0.009373	0.000180
genus	Yersinia	629	56	15254	0.962044	15254	0.006908	0.009231	0.000177
genus	Sterolibacterium	157591	52	16247	0.936663	7773	0.004296	0.008980	0.000172
genus	Rhodanobacter	75309	48	11442	0.532848	2677	0.000580	0.008395	0.000161
genus	Rugosibacter	1914449	20	19439	0.976675	18566	0.008006	0.008382	0.000161
genus	Berryella	2815775	25	10226	0.953317	8707	0.007118	0.008360	0.000160
genus	Microcella	337004	35	10064	0.566482	1535	0.000988	0.007960	0.000153
genus	Wujia	2944152	22	13467	0.965420	12777	0.007014	0.007392	0.000142
genus	Methylocystis	133	29	24359	0.970162	16865	0.005066	0.007318	0.000140
genus	Leptothrix	88	45	12580	0.967731	12580	0.006664	0.006664	0.000128
genus	Hydrogenophaga	47420	60	20500	0.934888	12176	0.003129	0.006607	0.000127
genus	Sulfuritortus	1938335	26	8823	0.777666	2596	0.001936	0.006581	0.000126
genus	Treponema	157	13	16074	0.969977	16074	0.006434	0.006434	0.000124
genus	Sphingosinicella	335405	30	13834	0.507856	479	0.000214	0.006183	0.000119
genus	Dickeya	204037	10	1518	0.562696	605	0.001530	0.006018	0.000116
genus	Pseudopedobacter	1649482	21	23402	0.971546	23402	0.005831	0.005831	0.000112
genus	Citrifermentans	2883512	15	15434	0.664326	2414	0.000899	0.005748	0.000110
genus	Gemmobacter	204456	14	14519	0.882726	6032	0.002375	0.005718	0.000110
genus	Sulfurimicrobium	2772198	27	14738	0.966191	14738	0.005646	0.005646	0.000108
genus	Methylotenera	359407	14	11722	0.945417	11272	0.005094	0.005298	0.000102
genus	Occultella	2828348	58	15053	0.815964	4819	0.001674	0.005229	0.000100
genus	Caballeronia	1827195	59	14355	0.967479	14244	0.005121	0.005161	0.000099
genus	Azorhizobium	6	33	14475	0.965649	14475	0.005054	0.005054	0.000097
genus	Caldichromatium	2828366	20	11280	0.940801	11280	0.004931	0.004931	0.000095
genus	Phascolarctobacterium	33024	9	10540	0.820053	7691	0.001797	0.004864	0.000093
genus	Actinomyces	1654	14	6219	0.929686	6219	0.004615	0.004615	0.000089
genus	Paludisphaera	1763521	54	25159	0.972870	25159	0.004610	0.004610	0.000089
genus	Draconibacterium	1471399	25	19520	0.952633	14335	0.003369	0.004588	0.000088
genus	Luteipulveratus	745364	45	15346	0.961049	15346	0.004579	0.004579	0.000088
genus	Aromatoleum	551759	27	6272	0.860974	3913	0.002788	0.004468	0.000086
genus	Yoonia	2211641	118	10384	0.503396	254	0.000105	0.004282	0.000082
genus	Marinicauda	1649466	22	7862	0.506376	366	0.000195	0.004197	0.000081
genus	Salipiger	263377	36	10002	0.934941	9074	0.003510	0.004194	0.000081
genus	Paraurantiacibacter	2800682	18	6060	0.927479	6060	0.004192	0.004192	0.000080
genus	Denitratisoma	311181	22	11243	0.868541	5819	0.002103	0.004063	0.000078
genus	Phreatobacter	1632780	30	7860	0.928489	7510	0.003806	0.003983	0.000076
genus	Asticcacaulis	76890	14	12386	0.949363	12386	0.003904	0.003904	0.000075
genus	Ferriphaselus	1443590	6	8044	0.940263	8044	0.003812	0.003812	0.000073
genus	Desulfolutivibrio	2773294	25	11107	0.609667	1883	0.000618	0.003648	0.000070
genus	Gibbsiella	929812	33	10540	0.874264	6252	0.002156	0.003635	0.000070
genus	Thermaerobacter	73918	17	5008	0.902559	4875	0.003506	0.003601	0.000069
genus	Microcystis	1125	6	1426	0.765764	1426	0.003408	0.003555	0.000068
genus	Actinopolymorpha	117156	35	12685	0.952234	12685	0.003520	0.003520	0.000068
genus	Haliangium	162027	50	20019	0.964221	20019	0.003481	0.003481	0.000067
genus	Caldimonas	196013	14	6819	0.845265	6819	0.002536	0.003475	0.000067
genus	Parolsenella	2082587	7	3293	0.859906	3293	0.003190	0.003190	0.000061
genus	Actinoplanes	1865	40	10449	0.936310	10449	0.003132	0.003132	0.000060
genus	Janthinobacterium	29580	12	2201	0.628547	1830	0.001389	0.003067	0.000059
genus	Aquitalea	407217	18	6335	0.904385	6335	0.002975	0.002975	0.000057
genus	Acetobacterium	33951	8	9381	0.786263	9381	0.001529	0.002888	0.000055
genus	Massilia	149698	21	8360	0.884262	8360	0.002166	0.002870	0.000055
genus	Kaustia	2838250	18	7458	0.910902	7458	0.002854	0.002854	0.000055
genus	Kosakonia	1330547	9	1477	0.569143	1422	0.001145	0.002716	0.000052
genus	Qiania	2944195	6	7029	0.903345	7029	0.002605	0.002605	0.000050
genus	Myxococcus	32	33	9223	0.908872	9223	0.002257	0.002493	0.000048
genus	Coprococcus	33042	10	5530	0.770984	3425	0.001455	0.002350	0.000045
genus	Niveibacterium	1769726	15	7375	0.825217	4968	0.001522	0.002260	0.000043
genus	Thermochromatium	85073	10	3717	0.828656	3717	0.002257	0.002257	0.000043
genus	Cystobacter	42	33	12919	0.815574	8782	0.001306	0.001921	0.000037
genus	Dorea	189330	10	4129	0.537598	1128	0.000400	0.001863	0.000036
genus	Parvibaculum	256616	10	4861	0.843184	4861	0.001845	0.001845	0.000035
genus	Enterobacter	547	3	266	0.508886	162	0.001198	0.001806	0.000035
genus	Methylovulum	762296	15	7699	0.659071	3122	0.000721	0.001778	0.000034
genus	Dehalobacter	56112	5	1811	0.658482	1811	0.001305	0.001747	0.000034
genus	Musicola	2884243	9	4415	0.692911	4415	0.000990	0.001674	0.000032
genus	Phnomibacter	2836216	6	6473	0.857406	6473	0.001636	0.001636	0.000031
genus	Chitinolyticbacter	1055692	13	4234	0.808208	4234	0.001606	0.001606	0.000031
genus	Pediococcus	1253	4	604	0.516742	481	0.000694	0.001532	0.000029
genus	Xanthobacter	279	8	4930	0.824163	4930	0.001531	0.001531	0.000029
genus	Dehalobacterium	51514	4	4987	0.816692	4987	0.001510	0.001510	0.000029
genus	Guyparkeria	2035712	2	2226	0.719458	2226	0.001425	0.001425	0.000027
genus	Shewanella	22	4	3503	0.734492	3503	0.001079	0.001419	0.000027
genus	Elioraea	457933	10	2623	0.736068	2623	0.001396	0.001396	0.000027
genus	Tritonibacter	2083206	1	2144	0.634680	2144	0.001386	0.001386	0.000027
genus	Pengzhenrongella	2888818	9	2488	0.730165	2488	0.001380	0.001380	0.000027
genus	Gulosibacter	256818	9	3224	0.564905	1225	0.000504	0.001327	0.000025
genus	Austwickia	1184606	9	3568	0.693392	3568	0.001282	0.001282	0.000025
genus	Catenulispora	414878	20	7458	0.843907	7458	0.001261	0.001261	0.000024
genus	Tardibacter	2685927	12	2746	0.666179	2094	0.000942	0.001235	0.000024
genus	Snodgrassella	1193515	3	2422	0.586007	2422	0.000721	0.001207	0.000023
genus	Cetobacterium	180162	4	2648	0.579177	1486	0.000640	0.001141	0.000022
genus	Rubrivivax	28067	15	1857	0.600932	1423	0.000874	0.001141	0.000022
genus	Mycobacterium	1763	7	1531	0.565611	1064	0.000674	0.001127	0.000022
genus	Mucilaginibacter	423349	11	2562	0.610186	2562	0.000755	0.001121	0.000022
genus	Dysosmobacter	2591381	21	2384	0.500575	119	0.000047	0.000950	0.000018
genus	Roseitalea	1915401	4	1575	0.628836	1575	0.000870	0.000870	0.000017
genus	Mycolicibacter	1073531	4	1116	0.572359	1116	0.000732	0.000861	0.000017
genus	Marisediminicola	1230698	4	1543	0.617973	1543	0.000804	0.000804	0.000015
genus	Leadbetterella	319458	2	2894	0.678204	2894	0.000794	0.000794	0.000015
genus	Gallionella	96	3	1977	0.634411	1977	0.000756	0.000756	0.000015
genus	Gordonibacter	644652	4	782	0.562517	782	0.000723	0.000723	0.000014
genus	Marvinbryantia	248744	4	2863	0.667263	2863	0.000717	0.000717	0.000014
genus	Thalassovita	335927	1	1941	0.580319	1941	0.000705	0.000705	0.000014
genus	Myroides	76831	1	537	0.532752	537	0.000702	0.000702	0.000013
genus	Pirellulimonas	2795783	5	3245	0.668537	3245	0.000637	0.000637	0.000012
genus	Pikeienuella	2831955	3	1670	0.603307	1670	0.000619	0.000619	0.000012
genus	Raineyella	1911549	1	1218	0.576280	1218	0.000582	0.000582	0.000011
genus	Wenzhouxiangella	1676142	4	1418	0.583695	1418	0.000553	0.000553	0.000011
genus	Buttiauxella	82976	5	1162	0.566481	1162	0.000541	0.000541	0.000010
genus	Parabacteroides	375288	10	1279	0.504225	634	0.000118	0.000521	0.000010
genus	Sideroxydans	314343	2	990	0.556157	990	0.000497	0.000497	0.000010
genus	Ferribacterium	88875	3	1265	0.541898	1265	0.000370	0.000484	0.000009
genus	Roseovarius	74030	11	925	0.500436	86	0.000045	0.000482	0.000009
genus	Terrihabitans	2874214	3	988	0.554414	988	0.000479	0.000479	0.000009
genus	Simiduia	447467	1	1676	0.579581	1676	0.000477	0.000477	0.000009
genus	Aminobacter	31988	2	296	0.504036	296	0.000284	0.000473	0.000009
genus	Sulfurospirillum	57665	2	538	0.528131	538	0.000454	0.000454	0.000009
genus	Photobacterium	657	1	1602	0.571849	1602	0.000454	0.000454	0.000009
genus	Phenylobacterium	20	2	871	0.545290	871	0.000452	0.000452	0.000009
genus	Aequorivita	153265	5	1219	0.503485	277	0.000103	0.000451	0.000009
genus	Solidesulfovibrio	2910984	4	606	0.532001	606	0.000438	0.000438	0.000008
genus	Hyphomicrobium	81	2	1095	0.550197	1095	0.000421	0.000421	0.000008
genus	Marinobacterium	48075	7	1399	0.520517	1156	0.000271	0.000413	0.000008
genus	Rhodospirillum	1081	3	872	0.540922	872	0.000403	0.000403	0.000008
genus	Rubrobacter	42255	2	799	0.537901	799	0.000395	0.000395	0.000008
genus	Erythrobacter	1041	2	578	0.526725	578	0.000391	0.000391	0.000008
genus	Marmoricola	86795	3	462	0.519435	462	0.000354	0.000354	0.000007
genus	Pusillimonas	305976	1	866	0.536499	866	0.000349	0.000349	0.000007
genus	Hankyongella	1763827	2	603	0.521932	603	0.000346	0.000346	0.000007
genus	Pseudoclostridium	2304693	1	1467	0.556466	1467	0.000343	0.000343	0.000007
genus	Petrocella	2603323	1	1007	0.537731	1007	0.000313	0.000313	0.000006
genus	Epilithonimonas	2782229	1	784	0.525538	784	0.000293	0.000293	0.000006
genus	Baekduia	2600304	2	580	0.519578	580	0.000277	0.000277	0.000005
genus	Lacrimispora	2719231	3	1164	0.537309	1164	0.000272	0.000272	0.000005
genus	Pelobacter	18	1	862	0.526929	862	0.000257	0.000257	0.000005
genus	Muricauda	111500	2	862	0.508557	542	0.000153	0.000244	0.000005
genus	Sphingosinithalassobacter	2676233	1	487	0.514306	487	0.000235	0.000235	0.000005
genus	Syntrophus	43773	1	624	0.516551	624	0.000214	0.000214	0.000004
genus	Sulfitobacter	60136	4	476	0.512062	476	0.000212	0.000212	0.000004
genus	Simplicispira	352450	1	436	0.510460	436	0.000188	0.000188	0.000004
genus	Oleidesulfovibrio	2909705	1	499	0.510147	499	0.000163	0.000163	0.000003
genus	Subdoligranulum	292632	1	391	0.507999	391	0.000160	0.000160	0.000003
genus	Gallibacterium	155493	1	330	0.506504	330	0.000158	0.000158	0.000003
genus	Microbulbifer	48073	1	462	0.508752	462	0.000149	0.000149	0.000003
genus	Thermomonas	141948	2	140	0.502644	140	0.000146	0.000146	0.000003
genus	Megasphaera	906	1	352	0.506526	352	0.000144	0.000144	0.000003
genus	Opitutus	178440	1	637	0.511243	637	0.000140	0.000140	0.000003
genus	Nitrogeniibacter	2891294	1	288	0.505125	288	0.000139	0.000139	0.000003
genus	Urbifossiella	2807415	2	630	0.510889	630	0.000139	0.000139	0.000003
genus	Archangium	47	3	924	0.501569	308	0.000044	0.000131	0.000003
genus	Desulfuromonas	890	1	390	0.506343	390	0.000131	0.000131	0.000003
genus	Georgenia	154116	1	239	0.503447	239	0.000125	0.000125	0.000002
genus	Halotalea	376488	1	326	0.504287	326	0.000120	0.000120	0.000002
genus	Dactylosporangium	35753	3	353	0.504650	353	0.000102	0.000102	0.000002
genus	Citricoccus	169133	1	178	0.501889	178	0.000100	0.000100	0.000002
genus	Paracidovorax	3051137	1	94	0.501194	94	0.000098	0.000098	0.000002
genus	Enterococcus	1350	2	187	0.502080	187	0.000093	0.000093	0.000002
genus	Azospira	146937	1	62	0.500696	62	0.000086	0.000086	0.000002
genus	Propionibacterium	1743	1	128	0.501321	128	0.000079	0.000079	0.000002
genus	Melittangium	44	1	426	0.504194	426	0.000078	0.000078	0.000001
genus	Steroidobacter	469322	1	187	0.501735	187	0.000072	0.000072	0.000001
genus	Chelativorans	449972	1	230	0.501488	230	0.000064	0.000064	0.000001
genus	Atlantibacter	1903434	1	122	0.500919	122	0.000062	0.000062	0.000001
genus	Achromobacter	222	1	217	0.501216	217	0.000058	0.000058	0.000001
genus	Oscillibacter	459786	1	111	0.500742	111	0.000051	0.000051	0.000001
genus	Yimella	908935	1	87	0.500353	87	0.000044	0.000044	0.000001
genus	Allokutzneria	1137960	1	185	0.501026	185	0.000043	0.000043	0.000001
species	Jeotgalibaca porci	1868793	3787	3731051	0.986095	985176	0.524479	1.986304	0.038132
species	Uruburuella suis	252130	5130	1888715	0.981221	19959	0.013053	1.235214	0.023713
species	Butyrivibrio crossotus	45851	1914	2226635	0.981879	31218	0.015276	1.089581	0.020917
species	Pseudochrobactrum algeriensis	2834768	719	462603	0.962496	18252	0.011875	0.867419	0.016652
species	Stenotrophomonas sp. LM091	1904944	792	295457	0.961816	11524	0.030588	0.784219	0.015055
species	Pseudooceanicola algae	1537215	3887	1879521	0.985721	60685	0.024526	0.759613	0.014583
species	Xanthomonas hydrangeae	2775159	280	368861	0.986870	73977	0.078354	0.757876	0.014549
species	Chlorobaculum tepidum	1097	2271	715956	0.987935	279305	0.292582	0.749989	0.014398
species	Hartmannibacter diazotrophicus	1482074	3621	2397825	0.984289	48143	0.014077	0.701145	0.013460
species	Tolumonas auensis	43948	1887	1693536	0.986165	944440	0.353571	0.634012	0.012171
species	Pseudazoarcus pumilus	2067960	2685	955516	0.988021	427103	0.261552	0.585145	0.011233
species	Brochothrix thermosphacta	2756	1053	1133241	0.977832	161948	0.016977	0.520970	0.010001
species	Cloacibacterium caeni	2004710	1337	327824	0.988597	189394	0.293497	0.508016	0.009753
species	Methylobacterium oryzae	334852	614	541297	0.982505	22364	0.020715	0.501388	0.009625
species	Gardnerella leopoldii	2792978	553	145675	0.989260	87956	0.300710	0.498044	0.009561
species	Blautia argi	1912897	1359	1216501	0.986338	753845	0.292070	0.471321	0.009048
species	Isoptericola dokdonensis	372663	2534	509336	0.989049	266080	0.216790	0.414984	0.007967
species	Bibersteinia trehalosi	47735	1074	676531	0.975238	120630	0.020158	0.401754	0.007713
species	Sphingobacterium lactis	797291	1261	1300845	0.985635	170468	0.049952	0.381188	0.007318
species	Chryseobacterium oryzae	2929799	1223	696208	0.977159	20161	0.010744	0.371020	0.007123
species	Limosilactobacillus mucosae	97478	566	651659	0.968581	73043	0.017257	0.364232	0.006992
species	Brevefilum fermentans	1986204	592	831062	0.986620	657053	0.270363	0.341965	0.006565
species	Chromobacterium rhizoryzae	1778675	144	54368	0.986305	38677	0.233427	0.328127	0.006299
species	Vibrio zhugei	2479546	944	890833	0.985951	394349	0.143353	0.324163	0.006223
species	Flaviflexus salsibiostraticola	1282737	1164	537165	0.987700	332039	0.199406	0.322595	0.006193
species	Immundisolibacter cernigliae	1810504	1483	503550	0.988309	310216	0.182314	0.295937	0.005681
species	Sphingomonas taxi	1549858	941	402623	0.986246	36324	0.026154	0.289896	0.005565
species	Sulfuricaulis limicola	1620215	989	561557	0.987775	386407	0.199271	0.289597	0.005559
species	Serratia entomophila	42906	1332	316703	0.983722	31433	0.022268	0.282692	0.005427
species	Streptococcus sanguinis	1305	414	360221	0.952369	50706	0.007982	0.280513	0.005385
species	Epidermidibacterium keratini	1891644	1747	674723	0.986988	433033	0.176720	0.275353	0.005286
species	Citrobacter arsenatis	2546350	256	154045	0.951326	5197	0.009250	0.274179	0.005264
species	Uruburuella testudinis	1282863	1024	469514	0.987260	327535	0.182917	0.262207	0.005034
species	Nocardioides daphniae	402297	1286	326259	0.989041	130259	0.103967	0.260405	0.004999
species	Thiothrix litoralis	2891210	838	420124	0.988223	307551	0.188057	0.256892	0.004932
species	Duodenibacillus massiliensis	1852381	636	504866	0.979097	25676	0.012818	0.252039	0.004838
species	Sphingomonas radiodurans	2890321	1324	485135	0.987432	332886	0.172355	0.251184	0.004822
species	Orrella marina	2163011	787	865836	0.986272	702089	0.190508	0.234940	0.004510
species	Kluyvera intermedia	61648	1173	423970	0.988701	325695	0.126329	0.228876	0.004394
species	Sideroxyarcus emersonii	2764705	737	369829	0.986602	266828	0.164986	0.228673	0.004390
species	Thiomonas intermedia	926	1092	397807	0.988436	274537	0.157021	0.227525	0.004368
species	Flavobacterium indicum	312277	894	460735	0.987150	342076	0.167656	0.225812	0.004335
species	Mesorhizobium opportunistum	593909	1236	296615	0.988046	232649	0.133058	0.205752	0.003950
species	Ottowia oryzae	2109914	1050	370025	0.987804	269849	0.147965	0.202894	0.003895
species	Corynebacterium terpenotabidum	89154	799	302506	0.987154	221314	0.146538	0.200298	0.003845
species	Xylanimonas allomyrinae	2509459	676	312851	0.952604	8778	0.005611	0.199976	0.003839
species	Leucobacter denitrificans	683042	450	370143	0.986381	304284	0.159343	0.193831	0.003721
species	Legionella lytica	96232	505	608597	0.986257	207595	0.064846	0.190106	0.003650
species	Slackia heliotrinireducens	84110	588	486570	0.986995	388414	0.147950	0.186277	0.003576
species	Tessaracoccus timonensis	2161816	642	348275	0.987147	279815	0.147209	0.183225	0.003517
species	Poseidonibacter parvus	1850254	248	60297	0.988450	49074	0.145268	0.178490	0.003427
species	Protaetiibacter larvae	2592654	722	160977	0.989277	113813	0.122365	0.173074	0.003323
species	Arcobacter acticola	1849015	830	274197	0.983293	197071	0.124183	0.172784	0.003317
species	Leclercia pneumoniae	2815358	903	250066	0.988092	197842	0.134488	0.169989	0.003263
species	Lysobacter luteus	2822368	629	169636	0.988305	127708	0.119934	0.159309	0.003058
species	Rhizobium daejeonense	240521	979	303193	0.988041	98943	0.051969	0.159250	0.003057
species	Qipengyuania seohaensis	266951	527	261526	0.987642	216758	0.125383	0.151279	0.002904
species	Aureimonas populi	1701758	916	280053	0.988642	218697	0.116083	0.148650	0.002854
species	Pseudoxanthomonas spadix	415229	668	182540	0.964930	17369	0.013955	0.146657	0.002815
species	Blastochloris viridis	1079	719	246253	0.988783	232174	0.045474	0.142896	0.002743
species	Aquabacterium olei	1296669	718	320630	0.987835	80236	0.035183	0.140593	0.002699
species	Microvirga ossetica	1882682	1781	843316	0.987142	610855	0.100503	0.138750	0.002664
species	Caulifigura coniformis	2527983	972	752299	0.986546	645819	0.112712	0.131295	0.002521
species	Neotabrizicola shimadae	2807096	742	303406	0.981811	31427	0.013210	0.127530	0.002448
species	Pseudomonas wadenswilerensis	1785161	453	101744	0.981752	32857	0.041147	0.127413	0.002446
species	Microlunatus phosphovorus	29405	1020	472046	0.987169	388898	0.103380	0.125483	0.002409
species	Sphingomonas aliaeris	2759526	546	311657	0.984801	45714	0.018288	0.124677	0.002393
species	Mycolicibacterium sarraceniae	1534348	817	245070	0.987129	194229	0.098491	0.124271	0.002386
species	Agromyces protaetiae	2509455	773	180533	0.988899	146454	0.100336	0.123684	0.002374
species	Chryseobacterium shandongense	1493872	656	282954	0.986902	254731	0.050763	0.122356	0.002349
species	Tessaracoccus palaemonis	2829499	371	83433	0.988259	69105	0.101008	0.121950	0.002341
species	Pseudomonas seleniipraecipitans	640205	1042	224348	0.966621	21135	0.011423	0.121253	0.002328
species	Desulfobulbus propionicus	894	502	375172	0.987343	329076	0.106040	0.120893	0.002321
species	Frateuria aurantia	81475	552	299101	0.987422	252303	0.101947	0.120857	0.002320
species	Vescimonas fastidiosa	2714353	322	195357	0.987359	122371	0.071579	0.114271	0.002194
species	Melaminivora suipulveris	2109913	526	119946	0.989794	99854	0.093562	0.112389	0.002158
species	Flavobacterium ammonificans	1751056	330	150992	0.986862	126067	0.073153	0.111406	0.002139
species	Alysiella crassa	153491	372	195951	0.965271	12036	0.006724	0.109466	0.002101
species	Pandoraea faecigallinarum	656179	588	259145	0.978100	23069	0.009699	0.108950	0.002092
species	Ancylobacter pratisalsi	1745854	714	267796	0.988097	218141	0.086696	0.106431	0.002043
species	Alistipes communis	2585118	496	235334	0.958032	30891	0.007014	0.104942	0.002015
species	Cellulomonas gilvus	11	600	120419	0.989411	99384	0.086414	0.104704	0.002010
species	Ornithinimicrobium flavum	1288636	562	158657	0.989386	131102	0.086462	0.104635	0.002009
species	Methylovirgula ligni	569860	723	228856	0.956274	40564	0.018399	0.103804	0.001993
species	Simiaoa sunii	2763672	269	293066	0.985208	268236	0.093474	0.102127	0.001961
species	Devosia ginsengisoli	400770	639	224069	0.987529	196847	0.087968	0.100133	0.001922
species	Mongoliitalea daihaiensis	2782006	358	432575	0.986375	388880	0.089191	0.099212	0.001905
species	Sphingomonas suaedae	2599297	553	207958	0.987698	174235	0.082480	0.098443	0.001890
species	Nocardioides pantholopis	2483798	693	115232	0.976219	63111	0.053190	0.097118	0.001864
species	Chryseobacterium manosquense	2754694	329	160495	0.987657	141191	0.079414	0.090272	0.001733
species	Paenacidovorax monticola	1926868	565	140643	0.988664	122031	0.076611	0.088296	0.001695
species	Deinococcus gobiensis	502394	527	207557	0.987091	74142	0.031376	0.087837	0.001686
species	Geobacter sulfurreducens	35554	315	246203	0.986667	217407	0.052126	0.086743	0.001665
species	Sphingomonas aerolata	185951	578	173496	0.953668	107720	0.053338	0.085907	0.001649
species	Rhodobaca barguzinensis	441209	375	246791	0.986491	114326	0.038781	0.083714	0.001607
species	Gordonia pseudamarae	2831662	645	221091	0.989266	189288	0.064722	0.082713	0.001588
species	Ferrigenium kumadai	1682490	255	132569	0.987063	118754	0.073293	0.081820	0.001571
species	Paludibacterium paludis	1225769	503	217086	0.983535	35103	0.013220	0.081757	0.001570
species	Pulveribacter suum	2116657	362	73025	0.988239	65380	0.072113	0.080546	0.001546
species	Pseudothauera hydrothermalis	2184083	376	140206	0.986590	122436	0.070120	0.080297	0.001541
species	Pseudolabrys taiwanensis	331696	598	261918	0.989070	230043	0.069271	0.078869	0.001514
species	Protaetiibacter intestinalis	2419774	353	77859	0.989669	69903	0.069269	0.077153	0.001481
species	Paracoccus mutanolyticus	1499308	110	26798	0.982850	23164	0.065553	0.075837	0.001456
species	Acidihalobacter aeolianus	2792603	135	181319	0.985465	74798	0.030974	0.075086	0.001441
species	Paraoerskovia marina	545619	375	103235	0.961012	27230	0.019722	0.074772	0.001435
species	Deefgea tanakiae	2865840	224	215956	0.985860	191874	0.066022	0.074309	0.001427
species	Mycolicibacterium madagascariense	212765	672	178461	0.950130	10352	0.004258	0.073398	0.001409
species	Chryseobacterium suipulveris	2929800	250	162100	0.986579	148942	0.066979	0.072896	0.001399
species	Streptococcus oriscaviae	2781599	142	113567	0.986691	106066	0.066815	0.071541	0.001373
species	Ottowia testudinis	2816950	411	151572	0.988208	137168	0.064535	0.071312	0.001369
species	Pseudomonas muyukensis	2842357	327	58373	0.987149	54092	0.065699	0.070899	0.001361
species	Burkholderia plantarii	41899	155	89386	0.983962	40436	0.022259	0.069472	0.001334
species	Desulfoglaeba alkanexedens	361111	230	200124	0.987419	188910	0.065506	0.069394	0.001332
species	Leisingera caerulea	506591	398	83208	0.967911	72465	0.013950	0.067570	0.001297
species	Pseudomonas viridiflava	33069	397	169484	0.962836	78896	0.006728	0.065474	0.001257
species	Leifsonia xyli	1575	259	92165	0.973706	15068	0.009439	0.064759	0.001243
species	Erwinia tasmaniensis	338565	137	134250	0.975423	17784	0.008527	0.064368	0.001236
species	Chenggangzhangella methanolivorans	1437009	487	190689	0.986726	173648	0.057564	0.063213	0.001214
species	Aquisediminimonas profunda	1550733	206	172880	0.986003	154512	0.055395	0.061980	0.001190
species	Nakamurella multipartita	53461	557	183481	0.987272	158030	0.053151	0.061711	0.001185
species	Barnesiella viscericola	397865	149	152257	0.987638	145194	0.058735	0.061592	0.001182
species	Fusobacterium pseudoperiodonticum	2663009	111	19655	0.984213	18745	0.026113	0.060861	0.001168
species	Isoalcanivorax pacificus	1306787	317	163784	0.987729	147032	0.053991	0.060142	0.001155
species	Cupriavidus necator	106590	295	69668	0.951448	7312	0.006088	0.059592	0.001144
species	Diaphorobacter nitroreducens	164759	53	24474	0.983298	22833	0.054317	0.058221	0.001118
species	Pseudomonas lalkuanensis	2604832	370	97696	0.988289	86737	0.045948	0.056363	0.001082
species	Rhizobacter gummiphilus	946333	565	156730	0.988253	149547	0.026207	0.054725	0.001051
species	Bacteroides zhangwenhongii	2650157	344	154516	0.977687	55841	0.019629	0.054316	0.001043
species	Pseudomonas maumuensis	2842354	142	31175	0.989049	30678	0.053114	0.053975	0.001036
species	Nocardioides humi	449461	485	103029	0.988592	94622	0.048600	0.052918	0.001016
species	Methylophilus methylotrophus	17	189	63168	0.958887	26664	0.022314	0.052862	0.001015
species	Desulfosarcina widdelii	947919	331	316726	0.985759	303150	0.048699	0.050880	0.000977
species	Blautia liquoris	2779518	141	157985	0.987270	151599	0.048629	0.050677	0.000973
species	Paracoccus contaminans	1945662	219	60444	0.988459	55647	0.046471	0.050477	0.000969
species	Burkholderia perseverans	2615214	304	53580	0.987415	46541	0.043573	0.050163	0.000963
species	Nitrosomonas stercoris	1444684	97	100939	0.984998	97634	0.048480	0.050121	0.000962
species	Frateuria edaphi	2898793	236	76201	0.985526	70379	0.045637	0.049412	0.000949
species	Leucobacter muris	1935379	211	59289	0.988391	55741	0.045876	0.048796	0.000937
species	Mycolicibacterium brumae	85968	282	71220	0.973926	13665	0.009071	0.047275	0.000908
species	Pararhodospirillum photometricum	1084	225	131829	0.986037	121474	0.043392	0.047091	0.000904
species	Pseudomonas extremaustralis	359110	285	58802	0.953047	17219	0.007592	0.045137	0.000867
species	Truepera radiovictrix	332249	192	104142	0.986896	91266	0.038872	0.044627	0.000857
species	Flavobacterium cyclinae	2895947	191	74005	0.988957	69491	0.041615	0.044318	0.000851
species	Pseudomonas eucalypticola	2599595	73	74141	0.969293	13904	0.008071	0.043035	0.000826
species	Paracoccus suum	2259340	200	70211	0.989188	64995	0.039281	0.042434	0.000815
species	Intestinimonas butyriciproducens	1297617	115	110730	0.968922	82826	0.019939	0.042133	0.000809
species	Arenimonas daejeonensis	370777	203	55633	0.987436	51581	0.038675	0.041713	0.000801
species	Sutterella faecalis	2584944	116	103370	0.985247	100565	0.040376	0.041502	0.000797
species	Sulfuritalea hydrogenivorans	748811	179	92027	0.985537	88475	0.039253	0.040829	0.000784
species	Blautia wexlerae	418240	156	129059	0.958269	17949	0.005580	0.040123	0.000770
species	Fannyhessea vaginae	82135	33	50364	0.967333	11653	0.008826	0.038147	0.000732
species	Agromyces aureus	453304	229	63609	0.963050	11429	0.006842	0.038080	0.000731
species	Agrobacterium salinitolerans	1183413	71	29034	0.977614	15286	0.016279	0.037469	0.000719
species	Sphingomonas panacis	1560345	183	106747	0.985328	60584	0.021160	0.037283	0.000716
species	Chania multitudinisentens	1639108	205	128218	0.978589	28947	0.008292	0.036728	0.000705
species	Geomonas paludis	2740185	292	84610	0.976587	19939	0.008647	0.036694	0.000704
species	Rhodovastum atsumiense	504468	185	153377	0.970566	22557	0.005382	0.036595	0.000703
species	Runella rosea	2259595	227	222614	0.957897	19468	0.003139	0.035895	0.000689
species	Stackebrandtia nassauensis	283811	383	139649	0.987177	133718	0.033481	0.034966	0.000671
species	Pseudomonas oryzae	1392877	178	49038	0.986286	47514	0.033462	0.034535	0.000663
species	Kingella negevensis	1522312	83	46649	0.955011	11716	0.006884	0.034504	0.000662
species	Lachnoclostridium phocaeense	1871021	101	95489	0.984467	93915	0.033547	0.034109	0.000655
species	Flavobacterium commune	1306519	153	81398	0.986768	75339	0.030998	0.033491	0.000643
species	Sulfuricella denitrificans	649841	129	81666	0.979682	26505	0.010753	0.033133	0.000636
species	Paraburkholderia edwinii	2861782	304	132398	0.986617	118547	0.029614	0.033074	0.000635
species	Clostridium kluyveri	1534	157	113654	0.983323	106565	0.022839	0.032733	0.000628
species	Anaeromyxobacter dehalogenans	161493	189	27568	0.986804	26492	0.029762	0.032387	0.000622
species	Casimicrobium huifangae	2591109	153	101735	0.988738	96443	0.030369	0.032036	0.000615
species	Tsuneonella flava	2055955	107	67989	0.984627	66193	0.030787	0.031622	0.000607
species	Lysobacter gummosus	262324	42	14316	0.986002	13804	0.030212	0.031333	0.000602
species	Qipengyuania aurantiaca	2867233	98	40183	0.986949	38065	0.028738	0.030337	0.000582
species	Shinella oryzae	2871820	101	23395	0.986196	19157	0.024368	0.030293	0.000582
species	Dialister massiliensis	2161821	4	3922	0.974863	3922	0.030014	0.030014	0.000576
species	Comamonas serinivorans	1082851	167	69466	0.988327	67958	0.029229	0.029877	0.000574
species	Mannheimia varigena	85404	65	23025	0.983183	22555	0.018545	0.028892	0.000555
species	Pseudomonas salmasensis	2745514	41	8795	0.983922	8683	0.027783	0.028141	0.000540
species	Mycolicibacterium litorale	758802	217	43538	0.986864	41532	0.026353	0.027625	0.000530
species	Collimonas arenae	279058	187	99261	0.985639	94449	0.026047	0.027374	0.000526
species	Sediminicoccus rosea	1225128	221	78290	0.987229	74120	0.025852	0.027307	0.000524
species	Tessaracoccus flavus	1610493	128	49480	0.982717	28794	0.015664	0.026917	0.000517
species	Pseudomonas zeae	2745510	30	8684	0.983634	8596	0.026031	0.026813	0.000515
species	Mycolicibacterium doricum	126673	175	37759	0.972695	12714	0.008883	0.026380	0.000506
species	Paraconexibacter antarcticus	2949664	244	65142	0.987921	60927	0.024624	0.026327	0.000505
species	Aquirhabdus parva	2283318	68	88460	0.987517	88460	0.026218	0.026218	0.000503
species	Streptomyces seoulensis	73044	224	40262	0.982676	22473	0.014065	0.026166	0.000502
species	Pantoea cypripedii	55209	95	89311	0.983831	83403	0.024011	0.025712	0.000494
species	Mycolicibacterium rutilum	370526	223	49365	0.988849	47716	0.024639	0.025490	0.000489
species	Magnetospirillum gryphiswaldense	55518	132	66945	0.979345	66570	0.010724	0.025159	0.000483
species	Nocardioides marinisabuli	419476	134	27049	0.983084	26397	0.024542	0.025149	0.000483
species	Ancylobacter polymorphus	223390	150	55001	0.969805	14240	0.006510	0.025145	0.000483
species	Caulobacter henricii	69395	138	54509	0.987285	52056	0.023862	0.024987	0.000480
species	Syntrophobacter fumaroxidans	119484	105	105000	0.986168	100799	0.023097	0.024059	0.000462
species	Azospirillum thermophilum	2202148	217	64486	0.985639	54033	0.019676	0.023483	0.000451
species	Gemmatimonas aurantiaca	173480	128	87597	0.987441	85203	0.022589	0.023223	0.000446
species	Solibaculum mannosilyticum	2780922	38	48840	0.979529	48840	0.023193	0.023193	0.000445
species	Pseudomonas guguanensis	1198456	112	16510	0.954833	7849	0.010849	0.022821	0.000438
species	Coprobacter fastidiosus	1099853	57	69760	0.968299	31853	0.010377	0.022727	0.000436
species	Polaromonas naphthalenivorans	216465	76	70028	0.981534	45067	0.014544	0.022599	0.000434
species	Pigmentiphaga aceris	1940612	166	99680	0.985109	95901	0.021679	0.022534	0.000433
species	Pseudobdellovibrio exovorus	453816	37	55945	0.984224	54389	0.021849	0.022474	0.000431
species	Kribbella flavida	182640	275	77467	0.988021	73919	0.021323	0.022347	0.000429
species	Thauera humireducens	1134435	14	11247	0.971224	11247	0.022114	0.022114	0.000425
species	Chondromyces crocatus	52	324	184517	0.987757	177519	0.020755	0.021573	0.000414
species	Paralysiella testudinis	2809020	61	42026	0.983694	41538	0.020603	0.020845	0.000400
species	Arcobacter peruensis	2320140	24	6206	0.972331	5598	0.018449	0.020453	0.000393
species	Jiangella alkaliphila	419479	107	51865	0.958494	12885	0.004981	0.020049	0.000385
species	Terricaulis silvestris	2686094	105	57867	0.986254	56439	0.019551	0.020046	0.000385
species	Butyricimonas faecalis	2093856	80	61673	0.985928	58677	0.018566	0.019514	0.000375
species	Clostridium manihotivorum	2320868	123	103340	0.984790	99463	0.018749	0.019480	0.000374
species	Phocaeicola salanitronis	376805	73	67901	0.969666	18470	0.005191	0.019085	0.000366
species	Agromyces soli	659012	104	22527	0.982032	21078	0.017792	0.019015	0.000365
species	Kineococcus radiotolerans	131568	219	38420	0.975417	27015	0.013302	0.018918	0.000363
species	Bradyrhizobium septentrionale	1404411	56	24105	0.965529	10491	0.007884	0.018201	0.000349
species	Luteimonas granuli	1176533	72	17582	0.985783	17582	0.017995	0.017995	0.000345
species	Halomonas chromatireducens	507626	85	38590	0.984808	38135	0.017505	0.017714	0.000340
species	Usitatibacter rugosus	2732067	129	47348	0.987351	45624	0.016990	0.017632	0.000338
species	Rahnella inusitata	58169	96	45992	0.965569	27700	0.010564	0.017540	0.000337
species	Qipengyuania soli	2782568	58	28313	0.984758	28313	0.017215	0.017215	0.000330
species	Halopseudomonas litoralis	797277	62	40999	0.984550	40999	0.016613	0.016613	0.000319
species	Brevundimonas goettingensis	2774190	97	30216	0.980209	29509	0.015951	0.016333	0.000314
species	Chryseobacterium faecale	2852098	60	31223	0.983895	29521	0.015155	0.016029	0.000308
species	Qipengyuania sediminis	1532023	63	20540	0.983177	19262	0.014703	0.015679	0.000301
species	Nonomuraea gerenzanensis	93944	272	59476	0.987507	57450	0.015132	0.015666	0.000301
species	Gudongella oleilytica	1582259	25	32544	0.979658	32544	0.015260	0.015260	0.000293
species	Anaerocolumna cellulosilytica	433286	66	71971	0.951694	16159	0.003349	0.014917	0.000286
species	Venatoribacter cucullus	2661630	43	29595	0.977400	27481	0.010353	0.014884	0.000286
species	Pseudomonas fakonensis	2842355	45	12772	0.975453	12711	0.014513	0.014582	0.000280
species	Pseudonocardia petroleophila	37331	98	19117	0.980757	17320	0.012513	0.013811	0.000265
species	Flavobacterium channae	2897181	51	20221	0.982676	20221	0.013695	0.013695	0.000263
species	Frankia alni	1859	130	26191	0.983330	24611	0.012505	0.013308	0.000255
species	Luteolibacter ambystomatis	2824561	72	57982	0.986649	57982	0.013232	0.013232	0.000254
species	Stutzerimonas decontaminans	3022791	87	13371	0.959152	7655	0.007480	0.013066	0.000251
species	Sphingomonas cannabina	2899123	86	24206	0.978508	23549	0.012588	0.012939	0.000248
species	Thioalkalivibrio nitratireducens	186931	69	24992	0.982777	24559	0.012594	0.012816	0.000246
species	Stutzerimonas xanthomarina	271420	66	19672	0.960483	10025	0.006433	0.012624	0.000242
species	Nocardia mangyaensis	2213200	113	39307	0.986566	38840	0.012289	0.012437	0.000239
species	Pseudoduganella umbonata	864828	107	31000	0.976285	20760	0.008127	0.012135	0.000233
species	Thioclava nitratireducens	1915078	35	19554	0.974183	15196	0.009150	0.011932	0.000229
species	Prevotella histicola	470565	31	26495	0.965798	26495	0.011930	0.011930	0.000229
species	Micropruina glycogenica	75385	68	26569	0.982799	25978	0.011603	0.011867	0.000228
species	Desulfovibrio fairfieldensis	44742	45	31697	0.981583	30967	0.011215	0.011479	0.000220
species	Aquibium microcysteis	675281	91	34380	0.982610	34380	0.011439	0.011439	0.000220
species	Limnoglobus roseus	2598579	129	82203	0.984749	81529	0.011232	0.011325	0.000217
species	Novosphingobium ginsenosidimutans	1176536	37	20686	0.977815	18658	0.010015	0.011103	0.000213
species	Mycolicibacterium aubagnense	319707	148	27930	0.963374	13144	0.005221	0.011094	0.000213
species	Brevundimonas subvibrioides	74313	33	9198	0.972885	9198	0.010825	0.010825	0.000208
species	Lysobacter arenosi	2795387	54	14848	0.979956	14848	0.010705	0.010705	0.000206
species	Rhodoferax koreense	1842727	81	28443	0.984770	28169	0.010250	0.010350	0.000199
species	Microlunatus soli	630515	114	41021	0.983900	39719	0.009469	0.009779	0.000188
species	Lysobacter oculi	2698682	32	9838	0.968987	9838	0.009255	0.009255	0.000178
species	Yersinia hibernica	2339259	56	15254	0.962044	15254	0.006908	0.009231	0.000177
species	Methylobacterium nodulans	114616	66	39737	0.977858	32537	0.006948	0.008485	0.000163
species	Rugosibacter aromaticivorans	1565605	20	19439	0.976675	18566	0.008006	0.008382	0.000161
species	Berryella wangjianweii	2734634	25	10226	0.953317	8707	0.007118	0.008360	0.000160
species	Qipengyuania gelatinilytica	2867231	26	11485	0.970448	11485	0.008141	0.008141	0.000156
species	Sphingomonas glaciei	2938948	33	12216	0.967832	11829	0.007742	0.007995	0.000153
species	Microbacterium lemovicicum	1072463	53	10611	0.965846	10411	0.007826	0.007976	0.000153
species	Nocardioides panacisoli	627624	42	10570	0.962916	10570	0.007672	0.007672	0.000147
species	Pseudomonas tructae	2518644	34	10633	0.966158	10633	0.007670	0.007670	0.000147
species	Geoalkalibacter subterraneus	483547	31	22605	0.978170	22308	0.007396	0.007494	0.000144
species	Wujia chipingensis	2763670	22	13467	0.965420	12777	0.007014	0.007392	0.000142
species	Paracoccus jeotgali	2065379	17	10448	0.959924	8675	0.006131	0.007384	0.000142
species	Methylocystis heyeri	391905	29	24359	0.970162	16865	0.005066	0.007318	0.000140
species	Flavobacterium faecale	1355330	35	25543	0.974648	25543	0.007192	0.007192	0.000138
species	Rhizobium rhizoryzae	451876	39	23293	0.972226	20041	0.005818	0.006762	0.000130
species	Leptothrix cholodnii	34029	45	12580	0.967731	12580	0.006664	0.006664	0.000128
species	Treponema peruense	2787628	13	16074	0.969977	16074	0.006434	0.006434	0.000124
species	Methylobacterium durans	2202825	47	21378	0.973527	21378	0.006119	0.006119	0.000117
species	Pseudopedobacter saltans	151895	21	23402	0.971546	23402	0.005831	0.005831	0.000112
species	Diaphorobacter aerolatus	1288495	43	14232	0.969465	14232	0.005758	0.005758	0.000111
species	Pseudomonas vanderleydeniana	2745495	42	12801	0.965184	12801	0.005649	0.005649	0.000108
species	Sulfurimicrobium lacus	2715678	27	14738	0.966191	14738	0.005646	0.005646	0.000108
species	Gordonia phthalatica	1136941	40	11822	0.962514	11822	0.005574	0.005574	0.000107
species	Chryseobacterium aureum	2497456	31	11801	0.962866	11801	0.005542	0.005542	0.000106
species	Geobacter benzoatilyticus	2815309	18	14224	0.968232	14224	0.005362	0.005362	0.000103
species	Comamonas piscis	1562974	26	9935	0.957787	9935	0.005206	0.005206	0.000100
species	Caballeronia insecticola	758793	59	14355	0.967479	14244	0.005121	0.005161	0.000099
species	Azorhizobium caulinodans	7	33	14475	0.965649	14475	0.005054	0.005054	0.000097
species	Paludisphaera borealis	1387353	54	25159	0.972870	25159	0.004610	0.004610	0.000089
species	Draconibacterium orientale	1168034	25	19520	0.952633	14335	0.003369	0.004588	0.000088
species	Luteipulveratus mongoliensis	571913	45	15346	0.961049	15346	0.004579	0.004579	0.000088
species	Actinopolymorpha singaporensis	117157	35	12685	0.952234	12685	0.003520	0.003520	0.000068
species	Haliangium ochraceum	80816	50	20019	0.964221	20019	0.003481	0.003481	0.000067
