Sample	Species	Taxonomy_ID	Assigned_Reads	Fraction	RPM	Genome_Length_bp	RPKM
llnl_66d1047e	Pulverervirus PFR1	2170091	102	0.0004	400.0	NA	NA
llnl_66d1047e	Bridgettevirus peas	2734226	101	0.0004	396.078431372549	NA	NA
llnl_66d1047e	Beihai sipunculid worm virus 3	1922675	93	0.0004	364.7058823529412	NA	NA
llnl_66d1047e	Neptunevirus srim18	2734121	91	0.0004	356.8627450980392	NA	NA
llnl_66d1047e	Medeavirus medea1	3430767	90	0.0004	352.94117647058823	NA	NA
llnl_66d1047e	Llyrvirus SSKS1	2734116	80	0.0003	313.72549019607845	NA	NA
llnl_66d1047e	Mieseafarmvirus RSL1	1980923	78	0.0003	305.88235294117646	NA	NA
llnl_66d1047e	Krompvirus kromp	3430283	76	0.0003	298.0392156862745	NA	NA
llnl_66d1047e	Menderavirus mendera	2846389	76	0.0003	298.0392156862745	NA	NA
llnl_66d1047e	Stanholtvirus E125	180504	74	0.0003	290.19607843137254	NA	NA
llnl_66d1047e	Asteriusvirus PBECO4	2560463	73	0.0003	286.27450980392155	NA	NA
llnl_66d1047e	Stormageddonvirus Stormageddon	2956470	67	0.0003	262.7450980392157	NA	NA
llnl_66d1047e	Marienburgvirus JLK2012	2844207	62	0.0003	243.13725490196077	NA	NA
llnl_66d1047e	Cyvirus cyprinidallo3	3050271	60	0.0003	235.29411764705884	NA	NA
llnl_66d1047e	Phabquatrovirus PHB04	2734129	57	0.0002	223.52941176470588	NA	NA
llnl_66d1047e	Grutrevirus GMA5	3060025	51	0.0002	200.0	NA	NA
llnl_66d1047e	Gihfavirus pelohabitans	2844652	51	0.0002	200.0	NA	NA
llnl_66d1047e	Kinglevirus lutadaptatum	2845070	50	0.0002	196.078431372549	NA	NA
llnl_66d1047e	Casadabanvirus R24	3059848	43	0.0002	168.62745098039215	NA	NA
llnl_66d1047e	Vimunumvirus ST147VIM1phi71	2845097	43	0.0002	168.62745098039215	NA	NA
llnl_66d1047e	Wellingtonvirus wellington	2734153	38	0.0002	149.01960784313724	NA	NA
llnl_66d1047e	Alegriavirus av2B8	2844171	37	0.0002	145.09803921568627	NA	NA
llnl_66d1047e	Microwolfvirus zetzy	2956194	34	0.0001	133.33333333333334	NA	NA
llnl_66d1047e	Citricivirus chongqinense	3059891	33	0.0001	129.41176470588235	NA	NA
llnl_66d1047e	Shigella phage SfIV	1407493	32	0.0001	125.49019607843137	NA	NA
llnl_66d1047e	Matervirus mater	2560332	30	0.0001	117.64705882352942	NA	NA
llnl_66d1047e	Pawinskivirus PS119XW	3060524	28	0.0001	109.80392156862744	NA	NA
llnl_66d1047e	Bacillus phage vB_BhaS-171	1775140	27	0.0001	105.88235294117648	NA	NA
llnl_66d1047e	Natevirus nate	3060406	26	0.0001	101.96078431372548	NA	NA
llnl_66d1047e	Noxifervirus noxifer	2560671	25	0.0001	98.0392156862745	NA	NA
llnl_66d1047e	Mycobacterium phage RhynO	1458846	23	0.0001	90.19607843137256	NA	NA
llnl_66d1047e	Pandoravirus salinus	1349410	22	0.0001	86.27450980392156	NA	NA
llnl_66d1047e	Hiroshimavirus PPpW3	3060034	22	0.0001	86.27450980392156	NA	NA
llnl_66d1047e	Wroclawvirus PA5oct	3060806	22	0.0001	86.27450980392156	NA	NA
llnl_66d1047e	Unicornvirus unicorn	2956580	21	0.0001	82.3529411764706	NA	NA
llnl_66d1047e	Pandoravirus quercus	2107709	21	0.0001	82.3529411764706	NA	NA
llnl_66d1047e	Escherichia phage HK639	906669	20	0.0001	78.43137254901961	NA	NA
llnl_66d1047e	Kaypoctavirus KP8	2845088	20	0.0001	78.43137254901961	NA	NA
llnl_66d1047e	Punavirus P1	10678	19	0.0001	74.50980392156862	NA	NA
llnl_66d1047e	Denisevirus denise	3059965	18	0.0001	70.58823529411764	NA	NA
llnl_66d1047e	Eneladusvirus Yen904	2560849	18	0.0001	70.58823529411764	NA	NA
llnl_66d1047e	Minunavirus Min1	2560595	18	0.0001	70.58823529411764	NA	NA
llnl_66d1047e	Kumaovirus kumao	2956095	17	0.0001	66.66666666666667	NA	NA
llnl_66d1047e	Omarvirus omar	2956237	17	0.0001	66.66666666666667	NA	NA
llnl_66d1047e	Jacunavirus JC01	2955994	17	0.0001	66.66666666666667	NA	NA
llnl_66d1047e	Pandoravirus dulcis	1349409	17	0.0001	66.66666666666667	NA	NA
llnl_66d1047e	Abidjanvirus PaMx11	3425958	17	0.0001	66.66666666666667	NA	NA
llnl_66d1047e	Punavirus RCS47	2560452	17	0.0001	66.66666666666667	NA	NA
llnl_66d1047e	Mastadenovirus rhinolopidae	3241444	16	0.0001	62.745098039215684	NA	NA
llnl_66d1047e	Gilesvirus giles	1982151	16	0.0001	62.745098039215684	NA	NA
llnl_66d1047e	Myrnavirus phabba	3430982	16	0.0001	62.745098039215684	NA	NA
llnl_66d1047e	Phitrevirus phi3	2734069	15	0.0001	58.82352941176471	NA	NA
llnl_66d1047e	Gilgameshvirus gilgamesh	3429029	14	0.0001	54.90196078431372	NA	NA
llnl_66d1047e	Novosibvirus stubb	2733995	14	0.0001	54.90196078431372	NA	NA
llnl_66d1047e	Pumpernickelvirus pumpernickel	3432031	14	0.0001	54.90196078431372	NA	NA
llnl_66d1047e	Alphabaculovirus agipsilonis	3047352	14	0.0001	54.90196078431372	NA	NA
llnl_66d1047e	Agatevirus bobb	1910936	13	0.0001	50.98039215686274	NA	NA
llnl_66d1047e	Mufasoctovirus mufasa8	2843729	13	0.0001	50.98039215686274	NA	NA
llnl_66d1047e	Branisovskavirus Kc263	3059793	13	0.0001	50.98039215686274	NA	NA
llnl_66d1047e	Acanthamoeba castellanii medusavirus	2080449	13	0.0001	50.98039215686274	NA	NA
llnl_66d1047e	Sawaravirus WGPS2	2844234	12	0.0001	47.05882352941177	NA	NA
llnl_66d1047e	Picornavirales Bu-3	1813613	12	0.0001	47.05882352941177	NA	NA
llnl_66d1047e	Bronvirus bron	3427627	11	0.0	43.13725490196078	NA	NA
llnl_66d1047e	Ralstonia phage RSP15	1785960	11	0.0	43.13725490196078	NA	NA
llnl_66d1047e	Pseudomonas phage YMC11/07/P54_PAE_BP	1777064	11	0.0	43.13725490196078	NA	NA
llnl_66d1047e	Ampunavirus BpAMP1	2733589	11	0.0	43.13725490196078	NA	NA
llnl_66d1047e	Jouyvirus ev017	2844245	10	0.0	39.21568627450981	NA	NA
llnl_66d1047e	Crocodylidpoxvirus nilecrocodilepox	3428121	10	0.0	39.21568627450981	NA	NA
llnl_66d1047e	Delepquintavirus DLP5	2560782	10	0.0	39.21568627450981	NA	NA
llnl_66d1047e	Brussowvirus 20617	3059794	10	0.0	39.21568627450981	NA	NA
llnl_66d1047e	Busanvirus ACP17	2560261	10	0.0	39.21568627450981	NA	NA
llnl_66d1047e	Polybotosvirus Atuph07	2560286	10	0.0	39.21568627450981	NA	NA
llnl_66d1047e	Pandoravirus inopinatum	1605721	9	0.0	35.29411764705882	NA	NA
llnl_66d1047e	Baikalvirus PaBG	2734089	9	0.0	35.29411764705882	NA	NA
llnl_66d1047e	Enterobacteria phage P4	10680	9	0.0	35.29411764705882	NA	NA
llnl_66d1047e	Likavirus lannister	1982889	9	0.0	35.29411764705882	NA	NA
llnl_66d1047e	Bertelyvirus BL9	2734192	9	0.0	35.29411764705882	NA	NA
llnl_66d1047e	Escherichia phage D6	2014434	8	0.0	31.372549019607842	NA	NA
llnl_66d1047e	Chakrabartyvirus pf16	2560689	8	0.0	31.372549019607842	NA	NA
llnl_66d1047e	Rhodococcus phage REQ1	1109712	8	0.0	31.372549019607842	NA	NA
llnl_66d1047e	Cimandefvirus cimandef	2846040	8	0.0	31.372549019607842	NA	NA
llnl_66d1047e	Stenotrophomonas phage S1	573591	8	0.0	31.372549019607842	NA	NA
llnl_66d1047e	Inibicvirus 613R3	3429951	8	0.0	31.372549019607842	NA	NA
llnl_66d1047e	Ampunavirus RSPI1	2733590	8	0.0	31.372549019607842	NA	NA
llnl_66d1047e	Gemsvirus gv5004652	2955946	7	0.0	27.45098039215686	NA	NA
llnl_66d1047e	Alphanudivirus grybimaculati	3047860	7	0.0	27.45098039215686	NA	NA
llnl_66d1047e	Pylasvirus pylas	2845095	7	0.0	27.45098039215686	NA	NA
llnl_66d1047e	Watanabevirus wv3521	2845126	7	0.0	27.45098039215686	NA	NA
llnl_66d1047e	Readingvirus MR15	3432142	7	0.0	27.45098039215686	NA	NA
llnl_66d1047e	Immutovirus immuto	2955989	7	0.0	27.45098039215686	NA	NA
llnl_66d1047e	Rhizobium phage RHEph10	1220717	7	0.0	27.45098039215686	NA	NA
llnl_66d1047e	Tsukamurella phage TPA4	1647476	7	0.0	27.45098039215686	NA	NA
llnl_66d1047e	Axeltriavirus AXL3	3059753	7	0.0	27.45098039215686	NA	NA
llnl_66d1047e	Bugaksanvirus R656	3427643	7	0.0	27.45098039215686	NA	NA
llnl_66d1047e	Erskinevirus EaH2	2169883	7	0.0	27.45098039215686	NA	NA
llnl_66d1047e	Fadolivirus algeromassiliense	3060017	7	0.0	27.45098039215686	NA	NA
llnl_66d1047e	Haemophilus phage Aaphi23	230158	6	0.0	23.529411764705884	NA	NA
llnl_66d1047e	Pseudomonas phage MD8	1868596	6	0.0	23.529411764705884	NA	NA
llnl_66d1047e	Chrysochromulina ericina virus	455364	6	0.0	23.529411764705884	NA	NA
llnl_66d1047e	Chlorovirus heliozoae	322019	6	0.0	23.529411764705884	NA	NA
llnl_66d1047e	Cronobacter phage ENT39118	984175	6	0.0	23.529411764705884	NA	NA
llnl_66d1047e	Gegevirus ST437OXA245phi41	2955944	6	0.0	23.529411764705884	NA	NA
llnl_66d1047e	Enterobacteria phage mEp390	1147158	6	0.0	23.529411764705884	NA	NA
llnl_66d1047e	Simpcentumvirus Smp131	2734074	6	0.0	23.529411764705884	NA	NA
llnl_66d1047e	Pandoravirus neocaledonia	2107708	6	0.0	23.529411764705884	NA	NA
llnl_66d1047e	Ludhianavirus LAh10	3060173	6	0.0	23.529411764705884	NA	NA
llnl_66d1047e	Charybdisvirus scam3	2734102	6	0.0	23.529411764705884	NA	NA
llnl_66d1047e	Rheavirus sinusmexicani	3047716	6	0.0	23.529411764705884	NA	NA
llnl_66d1047e	Radostvirus ev099	2844247	6	0.0	23.529411764705884	NA	NA
llnl_66d1047e	Poushouvirus Poushou	2560396	6	0.0	23.529411764705884	NA	NA
llnl_66d1047e	Aceathervirus RM10	3425976	6	0.0	23.529411764705884	NA	NA
llnl_66d1047e	Sedonavirus tusconh	2956426	6	0.0	23.529411764705884	NA	NA
llnl_66d1047e	Shangdongvirus ply2008005c	3432383	6	0.0	23.529411764705884	NA	NA
llnl_66d1047e	Xooduovirus Xoosp2	2956702	6	0.0	23.529411764705884	NA	NA
llnl_66d1047e	Successvirus success	3432624	6	0.0	23.529411764705884	NA	NA
llnl_66d1047e	Myrnavirus myrna	2956212	6	0.0	23.529411764705884	NA	NA
llnl_66d1047e	Colossusvirus PW	2734195	6	0.0	23.529411764705884	NA	NA
llnl_66d1047e	Bertelyvirus SC	2734193	6	0.0	23.529411764705884	NA	NA
llnl_66d1047e	Zindervirus SP6	194966	6	0.0	23.529411764705884	NA	NA
llnl_66d1047e	Dolmabahcevirus turkishdelight	3428314	5	0.0	19.607843137254903	NA	NA
llnl_66d1047e	Respirovirus ratufae	3052732	5	0.0	19.607843137254903	NA	NA
llnl_66d1047e	Gualtarvirus mp1	2955964	5	0.0	19.607843137254903	NA	NA
llnl_66d1047e	Ishigurovirus osborne	260149	5	0.0	19.607843137254903	NA	NA
llnl_66d1047e	Chrysonvirus as5	2955700	5	0.0	19.607843137254903	NA	NA
llnl_66d1047e	Miltoncavirus PhiPA3	3060307	5	0.0	19.607843137254903	NA	NA
llnl_66d1047e	Parapoxvirus bovinestomatitis	3431388	5	0.0	19.607843137254903	NA	NA
llnl_66d1047e	Anayavirus nibb	2955346	5	0.0	19.607843137254903	NA	NA
llnl_66d1047e	Xoxocotlavirus X228B	3060807	5	0.0	19.607843137254903	NA	NA
llnl_66d1047e	Enterobacteria phage phi80	10713	5	0.0	19.607843137254903	NA	NA
llnl_66d1047e	Enterobacteria phage HK225	1147144	5	0.0	19.607843137254903	NA	NA
llnl_66d1047e	Bcepmuvirus bcepMu	264729	5	0.0	19.607843137254903	NA	NA
llnl_66d1047e	Cuauhnahuacvirus Y65	3059911	5	0.0	19.607843137254903	NA	NA
llnl_66d1047e	Weaselvirus weasel	2560706	5	0.0	19.607843137254903	NA	NA
llnl_66d1047e	Pankowvirus YYZ2008	2844135	5	0.0	19.607843137254903	NA	NA
llnl_66d1047e	Eceepunavirus EcP1	2844120	5	0.0	19.607843137254903	NA	NA
llnl_66d1047e	Micavirus Mica	2956191	5	0.0	19.607843137254903	NA	NA
llnl_66d1047e	Bippervirus bipper	2955496	5	0.0	19.607843137254903	NA	NA
llnl_66d1047e	Fuzanglongvirus ZL12	3428900	5	0.0	19.607843137254903	NA	NA
llnl_66d1047e	Punavirus SJ46	2560732	5	0.0	19.607843137254903	NA	NA
llnl_66d1047e	Xooduovirus QDWS359	3433525	5	0.0	19.607843137254903	NA	NA
llnl_66d1047e	Elveevirus 4LV2017	2734062	5	0.0	19.607843137254903	NA	NA
llnl_66d1047e	Riverridervirus riverrider	2846672	5	0.0	19.607843137254903	NA	NA
llnl_66d1047e	Cinqassovirus aeh1	227470	4	0.0	15.686274509803921	NA	NA
llnl_66d1047e	Salmonella phage SEN22	1647458	4	0.0	15.686274509803921	NA	NA
llnl_66d1047e	Buchavirus hominis	2955552	4	0.0	15.686274509803921	NA	NA
llnl_66d1047e	Varicellovirus suidalpha1	3050355	4	0.0	15.686274509803921	NA	NA
llnl_66d1047e	Hadassahvirus azbtza1	2843628	4	0.0	15.686274509803921	NA	NA
llnl_66d1047e	Oslovirus PA2	1981168	4	0.0	15.686274509803921	NA	NA
llnl_66d1047e	Liefievirus taheera	2956116	4	0.0	15.686274509803921	NA	NA
llnl_66d1047e	Sinorhizobium phage phiLM21	1524882	4	0.0	15.686274509803921	NA	NA
llnl_66d1047e	Xanthomonas citri phage CP2	1188795	4	0.0	15.686274509803921	NA	NA
llnl_66d1047e	Daredevilvirus daredevil	2734229	4	0.0	15.686274509803921	NA	NA
llnl_66d1047e	Aokuangvirus SCBWM1	2734084	4	0.0	15.686274509803921	NA	NA
llnl_66d1047e	Mollymurvirus mollymur	3060390	4	0.0	15.686274509803921	NA	NA
llnl_66d1047e	Lactococcus phage PLgT-1	1815955	4	0.0	15.686274509803921	NA	NA
llnl_66d1047e	Oneupvirus oneup	1982560	4	0.0	15.686274509803921	NA	NA
llnl_66d1047e	Elpedvirus LpeD	2845137	4	0.0	15.686274509803921	NA	NA
llnl_66d1047e	Certrevirus CR9	1914899	4	0.0	15.686274509803921	NA	NA
llnl_66d1047e	Gaiavirus gaia	1982148	4	0.0	15.686274509803921	NA	NA
llnl_66d1047e	Sleepyheadvirus sleepyhead	2846061	4	0.0	15.686274509803921	NA	NA
llnl_66d1047e	Finkelvirus finkel	3428776	4	0.0	15.686274509803921	NA	NA
llnl_66d1047e	Paadamvirus RHEph01	2733939	4	0.0	15.686274509803921	NA	NA
llnl_66d1047e	Poindextervirus rogue	2748760	4	0.0	15.686274509803921	NA	NA
llnl_66d1047e	Cyamitesvirus I16	3059912	4	0.0	15.686274509803921	NA	NA
llnl_66d1047e	Pokkenvirus piffle	3060635	4	0.0	15.686274509803921	NA	NA
llnl_66d1047e	Sixamavirus sixama	3060713	4	0.0	15.686274509803921	NA	NA
llnl_66d1047e	Typhavirus typha	2956575	4	0.0	15.686274509803921	NA	NA
llnl_66d1047e	Primolicivirus Pf8	2956337	4	0.0	15.686274509803921	NA	NA
llnl_66d1047e	Parapoxvirus orf	3431389	4	0.0	15.686274509803921	NA	NA
llnl_66d1047e	Pandoravirus macleodensis	2107707	4	0.0	15.686274509803921	NA	NA
llnl_66d1047e	Megavirus chilense	3060301	4	0.0	15.686274509803921	NA	NA
llnl_66d1047e	Trichoplusia ni ascovirus 2c	328615	4	0.0	15.686274509803921	NA	NA
llnl_66d1047e	Tupanvirus altamarinense	3060757	3	0.0	11.764705882352942	NA	NA
llnl_66d1047e	Cotonvirus japonicum	3059904	3	0.0	11.764705882352942	NA	NA
llnl_66d1047e	Ollusvirus coleopteri	2845706	3	0.0	11.764705882352942	NA	NA
llnl_66d1047e	Biavirus raunefjordenense	3059777	3	0.0	11.764705882352942	NA	NA
llnl_66d1047e	Xuanwuvirus P884B11	2844224	3	0.0	11.764705882352942	NA	NA
llnl_66d1047e	Erwinia phage vB_EamM_Caitlin	1883379	3	0.0	11.764705882352942	NA	NA
llnl_66d1047e	Piscesmortuivirus LPM4	3060630	3	0.0	11.764705882352942	NA	NA
llnl_66d1047e	Nodensvirus spm2	2734126	3	0.0	11.764705882352942	NA	NA
llnl_66d1047e	Serangoonvirus essarone	3060697	3	0.0	11.764705882352942	NA	NA
llnl_66d1047e	Anaposvirus socalone	2734083	3	0.0	11.764705882352942	NA	NA
llnl_66d1047e	Sciuripoxvirus squirrelpox	3432296	3	0.0	11.764705882352942	NA	NA
llnl_66d1047e	Tepukevirus Psa21	3060728	3	0.0	11.764705882352942	NA	NA
llnl_66d1047e	Poindextervirus BL10	2734196	3	0.0	11.764705882352942	NA	NA
llnl_66d1047e	Glaedevirus gv2H10	2844173	3	0.0	11.764705882352942	NA	NA
llnl_66d1047e	Donellivirus gee	1084719	3	0.0	11.764705882352942	NA	NA
llnl_66d1047e	Kenyattavirus kv136	3060064	3	0.0	11.764705882352942	NA	NA
llnl_66d1047e	Santhisvirus reyja	3432254	3	0.0	11.764705882352942	NA	NA
llnl_66d1047e	Magiavirus magia	3060177	3	0.0	11.764705882352942	NA	NA
llnl_66d1047e	Edenvirus eden	2734230	3	0.0	11.764705882352942	NA	NA
llnl_66d1047e	Ringroadvirus BUCT47333	3432165	3	0.0	11.764705882352942	NA	NA
llnl_66d1047e	Hapunavirus HAP1	499235	3	0.0	11.764705882352942	NA	NA
llnl_66d1047e	Jacevirus jace	2734240	3	0.0	11.764705882352942	NA	NA
llnl_66d1047e	Gustavvirus gustav	2560501	3	0.0	11.764705882352942	NA	NA
llnl_66d1047e	Denvervirus dv9183	2955750	3	0.0	11.764705882352942	NA	NA
llnl_66d1047e	Hiyaavirus hiyaa	2734239	3	0.0	11.764705882352942	NA	NA
llnl_66d1047e	Arsyunavirus RSY1	2955380	3	0.0	11.764705882352942	NA	NA
llnl_66d1047e	Jiangsuvirus pspyzu05	2956010	3	0.0	11.764705882352942	NA	NA
llnl_66d1047e	Tulanevirus 60ahydrpp	2956562	3	0.0	11.764705882352942	NA	NA
llnl_66d1047e	Cronobacter phage S13	1327935	3	0.0	11.764705882352942	NA	NA
llnl_66d1047e	Bohxovirus oralis	2955512	3	0.0	11.764705882352942	NA	NA
llnl_66d1047e	Kwaitsingvirus HK544	2169923	3	0.0	11.764705882352942	NA	NA
llnl_66d1047e	Sarumanvirus bcepsauron	2843897	3	0.0	11.764705882352942	NA	NA
llnl_66d1047e	Varicellovirus monodontidalpha1	3050322	3	0.0	11.764705882352942	NA	NA
llnl_66d1047e	Zedzedvirus zz1	2843640	3	0.0	11.764705882352942	NA	NA
llnl_66d1047e	Streptococcus phage phi3396	423476	3	0.0	11.764705882352942	NA	NA
llnl_66d1047e	Mannheimia phage vB_MhS_587AP2	1572745	3	0.0	11.764705882352942	NA	NA
llnl_66d1047e	Enterobacteria phage SfV	55884	3	0.0	11.764705882352942	NA	NA
llnl_66d1047e	Acinetobacter phage YMC13/03/R2096	1560342	3	0.0	11.764705882352942	NA	NA
llnl_66d1047e	Citexvirus dobby	2734058	3	0.0	11.764705882352942	NA	NA
llnl_66d1047e	Acadianvirus serendipitous	2955229	3	0.0	11.764705882352942	NA	NA
llnl_66d1047e	Reyvirus rey	1983751	3	0.0	11.764705882352942	NA	NA
llnl_66d1047e	Bongovirus bongo	1983750	3	0.0	11.764705882352942	NA	NA
llnl_66d1047e	Trinavirus trina	2560705	3	0.0	11.764705882352942	NA	NA
llnl_66d1047e	Coeurvirus coeur	3059894	3	0.0	11.764705882352942	NA	NA
llnl_66d1047e	Anayavirus curiosium	2955339	3	0.0	11.764705882352942	NA	NA
llnl_66d1047e	Pylasvirus KpCHEMY26	2845089	3	0.0	11.764705882352942	NA	NA
llnl_66d1047e	Yosifvirus yosif	2956707	3	0.0	11.764705882352942	NA	NA
llnl_66d1047e	Likavirus zemlya	1982892	3	0.0	11.764705882352942	NA	NA
llnl_66d1047e	Anayavirus validus	2955351	3	0.0	11.764705882352942	NA	NA
llnl_66d1047e	Vojvodinavirus CN2	3433288	3	0.0	11.764705882352942	NA	NA
llnl_66d1047e	Wildcatvirus wildcat	3433478	3	0.0	11.764705882352942	NA	NA
llnl_66d1047e	Beenievirus easley	3059766	3	0.0	11.764705882352942	NA	NA
llnl_66d1047e	Zitchvirus zitch	2956713	3	0.0	11.764705882352942	NA	NA
llnl_66d1047e	Littlefixvirus 98Pflur60pp	3060164	3	0.0	11.764705882352942	NA	NA
llnl_66d1047e	Lilmcdreamyvirus lilmcdreamy	2956123	3	0.0	11.764705882352942	NA	NA
llnl_66d1047e	Tomasvirus tomas	3060743	3	0.0	11.764705882352942	NA	NA
llnl_66d1047e	Vendettavirus tzgordon	2956635	3	0.0	11.764705882352942	NA	NA
llnl_66d1047e	Jiaodavirus kp179	2956011	2	0.0	7.8431372549019605	NA	NA
llnl_66d1047e	Felsduovirus SEN8	2734064	2	0.0	7.8431372549019605	NA	NA
llnl_66d1047e	Scyllavirus aitchnine	3060690	2	0.0	7.8431372549019605	NA	NA
llnl_66d1047e	Mastadenovirus exoticum	3241425	2	0.0	7.8431372549019605	NA	NA
llnl_66d1047e	Macariavirus tuscon14g	2956144	2	0.0	7.8431372549019605	NA	NA
llnl_66d1047e	Tequatrovirus mlf4	2956501	2	0.0	7.8431372549019605	NA	NA
llnl_66d1047e	Cymopoleiavirus swam2	2734103	2	0.0	7.8431372549019605	NA	NA
llnl_66d1047e	Bristolvirus rhodeisland	2955536	2	0.0	7.8431372549019605	NA	NA
llnl_66d1047e	Zhoulongquanvirus esscess	3060828	2	0.0	7.8431372549019605	NA	NA
llnl_66d1047e	Kratosvirus quantuckense	3060070	2	0.0	7.8431372549019605	NA	NA
llnl_66d1047e	Alphacytorhabdovirus betawuhaninsectum	3426122	2	0.0	7.8431372549019605	NA	NA
llnl_66d1047e	Oceanusvirus kaneohense	3060432	2	0.0	7.8431372549019605	NA	NA
llnl_66d1047e	Moumouvirus goulettemassiliense	3080760	2	0.0	7.8431372549019605	NA	NA
llnl_66d1047e	Tequatrovirus zeen18	2846681	2	0.0	7.8431372549019605	NA	NA
llnl_66d1047e	Siftrevirus SF3	3060706	2	0.0	7.8431372549019605	NA	NA
llnl_66d1047e	Brujitavirus babsiella	1089115	2	0.0	7.8431372549019605	NA	NA
llnl_66d1047e	Emirosevirus emirose	3428472	2	0.0	7.8431372549019605	NA	NA
llnl_66d1047e	Wizardvirus bakery	2956682	2	0.0	7.8431372549019605	NA	NA
llnl_66d1047e	Ravinvirus N15	40631	2	0.0	7.8431372549019605	NA	NA
llnl_66d1047e	Northamptonvirus taptic	3060421	2	0.0	7.8431372549019605	NA	NA
llnl_66d1047e	Anayavirus yuna	2955352	2	0.0	7.8431372549019605	NA	NA
llnl_66d1047e	Shapirovirus cbk	1204537	2	0.0	7.8431372549019605	NA	NA
llnl_66d1047e	Henunavirus SNUABM01	2844165	2	0.0	7.8431372549019605	NA	NA
llnl_66d1047e	Getalongvirus bentherdunthat	2734199	2	0.0	7.8431372549019605	NA	NA
llnl_66d1047e	Bixzunavirus lukilu	2560606	2	0.0	7.8431372549019605	NA	NA
llnl_66d1047e	Cbastvirus ST	1918720	2	0.0	7.8431372549019605	NA	NA
llnl_66d1047e	Beecentumtrevirus Nf	10753	2	0.0	7.8431372549019605	NA	NA
llnl_66d1047e	Bievrevirus bv4A7	2844174	2	0.0	7.8431372549019605	NA	NA
llnl_66d1047e	Miecznikowavirus AH14a	3430847	2	0.0	7.8431372549019605	NA	NA
llnl_66d1047e	Pelagivirus S35C6	2733945	2	0.0	7.8431372549019605	NA	NA
llnl_66d1047e	Wadgaonvirus wv5004651	2956672	2	0.0	7.8431372549019605	NA	NA
llnl_66d1047e	Acanvirus Rheph22	3059695	2	0.0	7.8431372549019605	NA	NA
llnl_66d1047e	Peduovirus fiAA91ss	2560457	2	0.0	7.8431372549019605	NA	NA
llnl_66d1047e	Dendoorenvirus RG2014	2844071	2	0.0	7.8431372549019605	NA	NA
llnl_66d1047e	Asteriusvirus av121Q	2560436	2	0.0	7.8431372549019605	NA	NA
llnl_66d1047e	Stanholtvirus sv6442	431891	2	0.0	7.8431372549019605	NA	NA
llnl_66d1047e	Lambdavirus DE3	3430323	2	0.0	7.8431372549019605	NA	NA
llnl_66d1047e	Lacusarxvirus lacusarx	2560778	2	0.0	7.8431372549019605	NA	NA
llnl_66d1047e	Vhulanivirus Shpa	2560625	2	0.0	7.8431372549019605	NA	NA
llnl_66d1047e	Juiceboxvirus juicebox	2734241	2	0.0	7.8431372549019605	NA	NA
llnl_66d1047e	Muldoonvirus muldoon	2846182	2	0.0	7.8431372549019605	NA	NA
llnl_66d1047e	Nickievirus nickie	2560688	2	0.0	7.8431372549019605	NA	NA
llnl_66d1047e	Andrewvirus andrew	2734214	2	0.0	7.8431372549019605	NA	NA
llnl_66d1047e	Luchadorvirus gail	3430508	2	0.0	7.8431372549019605	NA	NA
llnl_66d1047e	Borockvirus brock	2846393	2	0.0	7.8431372549019605	NA	NA
llnl_66d1047e	Marfavirus F48	2845079	2	0.0	7.8431372549019605	NA	NA
llnl_66d1047e	Nanhaivirus D5C	2560407	2	0.0	7.8431372549019605	NA	NA
llnl_66d1047e	Heilongjiangvirus Lb	2734110	2	0.0	7.8431372549019605	NA	NA
llnl_66d1047e	Britbratvirus britbrat	2560489	2	0.0	7.8431372549019605	NA	NA
llnl_66d1047e	Kostyavirus toto	1993871	2	0.0	7.8431372549019605	NA	NA
llnl_66d1047e	Dardanusvirus dardanus	2955737	2	0.0	7.8431372549019605	NA	NA
llnl_66d1047e	Jawnskivirus brent	3430001	2	0.0	7.8431372549019605	NA	NA
llnl_66d1047e	Vibakivirus vibaki	2843733	2	0.0	7.8431372549019605	NA	NA
llnl_66d1047e	Alteromonas phage vB_AmaP_AD45-P1	1300004	2	0.0	7.8431372549019605	NA	NA
llnl_66d1047e	Antsirabevirus antsirabe	2955364	2	0.0	7.8431372549019605	NA	NA
llnl_66d1047e	Simplexvirus macacinealpha1	3050305	2	0.0	7.8431372549019605	NA	NA
llnl_66d1047e	Mydovirus mydo	2845940	2	0.0	7.8431372549019605	NA	NA
llnl_66d1047e	Sanovirus sano	3432251	2	0.0	7.8431372549019605	NA	NA
llnl_66d1047e	Saguarovirus saguaro	2956386	2	0.0	7.8431372549019605	NA	NA
llnl_66d1047e	Wilnyevirus billnye	2560486	2	0.0	7.8431372549019605	NA	NA
llnl_66d1047e	Coopervirus vincenzo	1983110	2	0.0	7.8431372549019605	NA	NA
llnl_66d1047e	Samistivirus bmoc	2956391	2	0.0	7.8431372549019605	NA	NA
llnl_66d1047e	Faustvirus faust	3059994	2	0.0	7.8431372549019605	NA	NA
llnl_66d1047e	Broinstvirus pCB2051A	2955537	2	0.0	7.8431372549019605	NA	NA
llnl_66d1047e	Pleakleyvirus pleakley	2956325	2	0.0	7.8431372549019605	NA	NA
llnl_66d1047e	Aurantimonas phage AmM-1	1503929	2	0.0	7.8431372549019605	NA	NA
llnl_66d1047e	Enterobacteria phage phiP27	103807	2	0.0	7.8431372549019605	NA	NA
llnl_66d1047e	Brucella phage BiPBO1	1718278	2	0.0	7.8431372549019605	NA	NA
llnl_66d1047e	Gordonia phage GMA4	1647471	2	0.0	7.8431372549019605	NA	NA
llnl_66d1047e	Rhodococcus phage E3	1007869	2	0.0	7.8431372549019605	NA	NA
llnl_66d1047e	Pseudomonas phage Lu11	1161927	2	0.0	7.8431372549019605	NA	NA
llnl_66d1047e	Pseudomonas phage PS-1	1573458	2	0.0	7.8431372549019605	NA	NA
llnl_66d1047e	Mannheimia phage vB_MhS_1152AP2	1572747	2	0.0	7.8431372549019605	NA	NA
llnl_66d1047e	Varicellovirus equidalpha3	3050277	2	0.0	7.8431372549019605	NA	NA
llnl_66d1047e	Snuvirus SNUABM7	3060715	2	0.0	7.8431372549019605	NA	NA
llnl_66d1047e	Trinevirus trine	2734284	2	0.0	7.8431372549019605	NA	NA
llnl_66d1047e	Bigmanorsvirus bgmanors32	3059778	2	0.0	7.8431372549019605	NA	NA
llnl_66d1047e	Takahashivirus PBS1	10683	2	0.0	7.8431372549019605	NA	NA
llnl_66d1047e	Brigitvirus brigit	2734096	2	0.0	7.8431372549019605	NA	NA
llnl_66d1047e	Puppervirus Pupper	2956343	2	0.0	7.8431372549019605	NA	NA
llnl_66d1047e	Pemunavirus PM1	2843778	2	0.0	7.8431372549019605	NA	NA
llnl_66d1047e	Biquartavirus 44RR2	115987	2	0.0	7.8431372549019605	NA	NA
llnl_66d1047e	Neferthenavirus neferthena	2734261	2	0.0	7.8431372549019605	NA	NA
llnl_66d1047e	Ferozepurvirus pAEv1810	3059998	2	0.0	7.8431372549019605	NA	NA
llnl_66d1047e	Seoulvirus SPN3US	1984796	2	0.0	7.8431372549019605	NA	NA
llnl_66d1047e	Phrappuccinovirus phrappuccino	3431661	2	0.0	7.8431372549019605	NA	NA
llnl_66d1047e	Phleivirus Phlei	2956314	2	0.0	7.8431372549019605	NA	NA
llnl_66d1047e	Simplexvirus paninealpha3	3050333	2	0.0	7.8431372549019605	NA	NA
llnl_66d1047e	Hadassahvirus pht2	2843638	2	0.0	7.8431372549019605	NA	NA
llnl_66d1047e	Sarumanvirus bcepsaruman	2843896	2	0.0	7.8431372549019605	NA	NA
llnl_66d1047e	Hollowayvirus H66	1273707	2	0.0	7.8431372549019605	NA	NA
llnl_66d1047e	Equid herpesvirus 6	173566	2	0.0	7.8431372549019605	NA	NA
llnl_66d1047e	Kwaitsingvirus HK446	2169921	2	0.0	7.8431372549019605	NA	NA
llnl_66d1047e	Buchavirus copri	2955549	2	0.0	7.8431372549019605	NA	NA
llnl_66d1047e	Ceetrepovirus darwin	3427838	2	0.0	7.8431372549019605	NA	NA
llnl_66d1047e	Ralstonia phage RSS30	1352227	2	0.0	7.8431372549019605	NA	NA
llnl_66d1047e	Alphasphaerolipovirus serpentinense	2955318	2	0.0	7.8431372549019605	NA	NA
llnl_66d1047e	Centumtrigintavirus cv133	3427844	1	0.0	3.9215686274509802	NA	NA
llnl_66d1047e	Risoevirus cronus	3432166	1	0.0	3.9215686274509802	NA	NA
llnl_66d1047e	Acinetobacter phage Ac42	762660	1	0.0	3.9215686274509802	NA	NA
llnl_66d1047e	Cinqassovirus ah1	2955704	1	0.0	3.9215686274509802	NA	NA
llnl_66d1047e	Krischvirus gec3s	2560444	1	0.0	3.9215686274509802	NA	NA
llnl_66d1047e	Angelvirus px29	2955358	1	0.0	3.9215686274509802	NA	NA
llnl_66d1047e	Kujavirus kuja	2841283	1	0.0	3.9215686274509802	NA	NA
llnl_66d1047e	Tedavirus A829	2841302	1	0.0	3.9215686274509802	NA	NA
llnl_66d1047e	Eptesicus fuscus gammaherpesvirus	2035399	1	0.0	3.9215686274509802	NA	NA
llnl_66d1047e	Macavirus alcelaphinegamma1	3050134	1	0.0	3.9215686274509802	NA	NA
llnl_66d1047e	Percavirus equidgamma5	3050282	1	0.0	3.9215686274509802	NA	NA
llnl_66d1047e	Muromegalovirus muridbeta1	3050323	1	0.0	3.9215686274509802	NA	NA
llnl_66d1047e	Elephant endotheliotropic herpesvirus 4	548914	1	0.0	3.9215686274509802	NA	NA
llnl_66d1047e	Ictavirus ictaluridallo2	3050302	1	0.0	3.9215686274509802	NA	NA
llnl_66d1047e	Gelderlandvirus cgg41	2955945	1	0.0	3.9215686274509802	NA	NA
llnl_66d1047e	Mosigvirus c120	2956203	1	0.0	3.9215686274509802	NA	NA
llnl_66d1047e	Varicellovirus caprinealpha1	3050252	1	0.0	3.9215686274509802	NA	NA
llnl_66d1047e	Varicellovirus cervidalpha2	3050260	1	0.0	3.9215686274509802	NA	NA
llnl_66d1047e	Simplexvirus atelinealpha1	3050138	1	0.0	3.9215686274509802	NA	NA
llnl_66d1047e	Simplexvirus leporidalpha4	3050304	1	0.0	3.9215686274509802	NA	NA
llnl_66d1047e	Simplexvirus papiinealpha2	3050336	1	0.0	3.9215686274509802	NA	NA
llnl_66d1047e	Simplexvirus saimiriinealpha1	3050348	1	0.0	3.9215686274509802	NA	NA
llnl_66d1047e	Rhadinovirus macacinegamma12	3050313	1	0.0	3.9215686274509802	NA	NA
llnl_66d1047e	Rhadinovirus macacinegamma5	3050315	1	0.0	3.9215686274509802	NA	NA
llnl_66d1047e	Kolesnikvirus Ea214	1965384	1	0.0	3.9215686274509802	NA	NA
llnl_66d1047e	Quivirus qui	3060665	1	0.0	3.9215686274509802	NA	NA
llnl_66d1047e	Triplejayvirus tripleJ	2843732	1	0.0	3.9215686274509802	NA	NA
llnl_66d1047e	Pavtokvirus PEp14	3060523	1	0.0	3.9215686274509802	NA	NA
llnl_66d1047e	Xiamenvirus RDJL1	1982373	1	0.0	3.9215686274509802	NA	NA
llnl_66d1047e	Backyardiganvirus noelle	2955405	1	0.0	3.9215686274509802	NA	NA
llnl_66d1047e	Purivirus UFJFPfDIW6	3060664	1	0.0	3.9215686274509802	NA	NA
llnl_66d1047e	Rerduovirus RGL3	1109716	1	0.0	3.9215686274509802	NA	NA
llnl_66d1047e	Skunavirus CB19	665886	1	0.0	3.9215686274509802	NA	NA
llnl_66d1047e	Sessunavirus SESS1	2956437	1	0.0	3.9215686274509802	NA	NA
llnl_66d1047e	Seodaemunguvirus YMC16-01N133	2956433	1	0.0	3.9215686274509802	NA	NA
llnl_66d1047e	Phobosvirus phobos	2956316	1	0.0	3.9215686274509802	NA	NA
llnl_66d1047e	Maxdohrnvirus SS2019XI	2956186	1	0.0	3.9215686274509802	NA	NA
llnl_66d1047e	Gilsonvirus comrade	2846395	1	0.0	3.9215686274509802	NA	NA
llnl_66d1047e	Gruunavirus GTE5	2955961	1	0.0	3.9215686274509802	NA	NA
llnl_66d1047e	Gruunavirus flapper	2955962	1	0.0	3.9215686274509802	NA	NA
llnl_66d1047e	Jawnskivirus jawnski	3430002	1	0.0	3.9215686274509802	NA	NA
llnl_66d1047e	Coopervirus stinger	1983119	1	0.0	3.9215686274509802	NA	NA
llnl_66d1047e	Acadianvirus baee	1982902	1	0.0	3.9215686274509802	NA	NA
llnl_66d1047e	Acadianvirus reprobate	1982903	1	0.0	3.9215686274509802	NA	NA
llnl_66d1047e	Julieunavirus julie1	2956033	1	0.0	3.9215686274509802	NA	NA
llnl_66d1047e	Mycobacterium phage KayaCho	1340830	1	0.0	3.9215686274509802	NA	NA
llnl_66d1047e	Imvubuvirus imvubu	2955990	1	0.0	3.9215686274509802	NA	NA
llnl_66d1047e	Thonkovirus thonko	2956529	1	0.0	3.9215686274509802	NA	NA
llnl_66d1047e	Salmonella phage vB_SemP_Emek	1168548	1	0.0	3.9215686274509802	NA	NA
llnl_66d1047e	Lederbergvirus BTP1	1934252	1	0.0	3.9215686274509802	NA	NA
llnl_66d1047e	Hollowayvirus F116	280701	1	0.0	3.9215686274509802	NA	NA
llnl_66d1047e	Hollowayvirus LKA5	3429778	1	0.0	3.9215686274509802	NA	NA
llnl_66d1047e	Schmidtvirus schmidt	2956401	1	0.0	3.9215686274509802	NA	NA
llnl_66d1047e	Pakpunavirus B55	3431318	1	0.0	3.9215686274509802	NA	NA
llnl_66d1047e	Avocadovirus flagstaff	2955392	1	0.0	3.9215686274509802	NA	NA
llnl_66d1047e	Cuauhnahuacvirus TM30	3059910	1	0.0	3.9215686274509802	NA	NA
llnl_66d1047e	Fohxhuevirus gastrointestinalis	2955907	1	0.0	3.9215686274509802	NA	NA
llnl_66d1047e	Kingevirus communis	2956060	1	0.0	3.9215686274509802	NA	NA
llnl_66d1047e	Kehishuvirus splanchnicus	2956054	1	0.0	3.9215686274509802	NA	NA
llnl_66d1047e	Shamshuipovirus mEpX2	2169928	1	0.0	3.9215686274509802	NA	NA
llnl_66d1047e	Cimandefvirus Ggerry	2846046	1	0.0	3.9215686274509802	NA	NA
llnl_66d1047e	Webervirus KP36	1920861	1	0.0	3.9215686274509802	NA	NA
llnl_66d1047e	Samwavirus stiles	2844019	1	0.0	3.9215686274509802	NA	NA
llnl_66d1047e	Salmonella phage epsilon34	348058	1	0.0	3.9215686274509802	NA	NA
llnl_66d1047e	Fromanvirus D29	28369	1	0.0	3.9215686274509802	NA	NA
llnl_66d1047e	Fromanvirus U2	1993862	1	0.0	3.9215686274509802	NA	NA
llnl_66d1047e	Bixzunavirus Bxz1	2006134	1	0.0	3.9215686274509802	NA	NA
llnl_66d1047e	Dexdertvirus tiamoceli	2955755	1	0.0	3.9215686274509802	NA	NA
llnl_66d1047e	Zitchvirus verity	2956711	1	0.0	3.9215686274509802	NA	NA
llnl_66d1047e	Vividuovirus paries	2956667	1	0.0	3.9215686274509802	NA	NA
llnl_66d1047e	Vividuovirus jabberwocky	2956662	1	0.0	3.9215686274509802	NA	NA
llnl_66d1047e	Leonardvirus melbins	2956112	1	0.0	3.9215686274509802	NA	NA
llnl_66d1047e	Abidjanvirus Ab18	3425956	1	0.0	3.9215686274509802	NA	NA
llnl_66d1047e	Bosavirus bosa	2955515	1	0.0	3.9215686274509802	NA	NA
llnl_66d1047e	Cinvestavvirus PaMx74	3427948	1	0.0	3.9215686274509802	NA	NA
llnl_66d1047e	Ghuizhouvirus A1432	3429002	1	0.0	3.9215686274509802	NA	NA
llnl_66d1047e	Keylargovirus JL001	279383	1	0.0	3.9215686274509802	NA	NA
llnl_66d1047e	Mycobacterium phage Severus	1327776	1	0.0	3.9215686274509802	NA	NA
llnl_66d1047e	Mycobacterium phage Fredward	1354510	1	0.0	3.9215686274509802	NA	NA
llnl_66d1047e	Mycobacterium phage Alsfro	1458724	1	0.0	3.9215686274509802	NA	NA
llnl_66d1047e	Nymphadoravirus agueybana	3060423	1	0.0	3.9215686274509802	NA	NA
llnl_66d1047e	Nymphadoravirus bunnybear	3060426	1	0.0	3.9215686274509802	NA	NA
llnl_66d1047e	Nymphadoravirus thankyoujordi	3060431	1	0.0	3.9215686274509802	NA	NA
llnl_66d1047e	Baxterfoxvirus baxterfox	3426655	1	0.0	3.9215686274509802	NA	NA
llnl_66d1047e	Edwardsroadvirus RRH1	3428441	1	0.0	3.9215686274509802	NA	NA
llnl_66d1047e	Melbournevirus REQ2	3436057	1	0.0	3.9215686274509802	NA	NA
llnl_66d1047e	Montyvirus birksandsocks	2734256	1	0.0	3.9215686274509802	NA	NA
llnl_66d1047e	Montyvirus stevefrench	2734258	1	0.0	3.9215686274509802	NA	NA
llnl_66d1047e	Commandariavirus commandaria	3428071	1	0.0	3.9215686274509802	NA	NA
llnl_66d1047e	Metamorphoovirus jayden	3430819	1	0.0	3.9215686274509802	NA	NA
llnl_66d1047e	Metamorphoovirus teamocil	3430820	1	0.0	3.9215686274509802	NA	NA
llnl_66d1047e	Quhwahvirus paschalis	2182400	1	0.0	3.9215686274509802	NA	NA
llnl_66d1047e	Quhwahvirus shotgun	3432068	1	0.0	3.9215686274509802	NA	NA
llnl_66d1047e	Margaeryvirus margaery	3430666	1	0.0	3.9215686274509802	NA	NA
llnl_66d1047e	Pankowvirus pv1717	2844169	1	0.0	3.9215686274509802	NA	NA
llnl_66d1047e	Oneupvirus brutongaster	2734263	1	0.0	3.9215686274509802	NA	NA
llnl_66d1047e	Ignaciovirus axejc	3429905	1	0.0	3.9215686274509802	NA	NA
llnl_66d1047e	Okubovirus camphawk	1986015	1	0.0	3.9215686274509802	NA	NA
llnl_66d1047e	Kochikohdavirus ECP3	2560418	1	0.0	3.9215686274509802	NA	NA
llnl_66d1047e	Unicornvirus shandong1	2956579	1	0.0	3.9215686274509802	NA	NA
llnl_66d1047e	Anayavirus anaya	1034152	1	0.0	3.9215686274509802	NA	NA
llnl_66d1047e	Anayavirus urkel	2955350	1	0.0	3.9215686274509802	NA	NA
llnl_66d1047e	Anayavirus marshawn	2955344	1	0.0	3.9215686274509802	NA	NA
llnl_66d1047e	Amginevirus amohnition	2955325	1	0.0	3.9215686274509802	NA	NA
llnl_66d1047e	Mechnikovvirus JD18	3430749	1	0.0	3.9215686274509802	NA	NA
llnl_66d1047e	Torontovirus JBD25	3432931	1	0.0	3.9215686274509802	NA	NA
llnl_66d1047e	Corndogvirus firecracker	1089135	1	0.0	3.9215686274509802	NA	NA
llnl_66d1047e	Korravirus kittykat	2956070	1	0.0	3.9215686274509802	NA	NA
llnl_66d1047e	Myosmarvirus MTx	2846180	1	0.0	3.9215686274509802	NA	NA
llnl_66d1047e	Bignuzvirus bignuz	1983736	1	0.0	3.9215686274509802	NA	NA
llnl_66d1047e	Tortellinivirus tortellini	3432938	1	0.0	3.9215686274509802	NA	NA
llnl_66d1047e	Northamptonvirus jeon	3060420	1	0.0	3.9215686274509802	NA	NA
llnl_66d1047e	Anchaingvirus anchaing	2846038	1	0.0	3.9215686274509802	NA	NA
llnl_66d1047e	Risjevirus RSJ2	2733594	1	0.0	3.9215686274509802	NA	NA
llnl_66d1047e	Przondovirus KN11	2733671	1	0.0	3.9215686274509802	NA	NA
llnl_66d1047e	Kayfunavirus Ro45lw	2733643	1	0.0	3.9215686274509802	NA	NA
llnl_66d1047e	Berlinvirus BSP161	2732784	1	0.0	3.9215686274509802	NA	NA
llnl_66d1047e	Banchanvirus SS1201	2733894	1	0.0	3.9215686274509802	NA	NA
llnl_66d1047e	Santhisvirus tarzan	3432256	1	0.0	3.9215686274509802	NA	NA
llnl_66d1047e	Beetrevirus B3	2560656	1	0.0	3.9215686274509802	NA	NA
llnl_66d1047e	Wizardvirus portcullis	2956692	1	0.0	3.9215686274509802	NA	NA
llnl_66d1047e	Arequatrovirus paedore	2955378	1	0.0	3.9215686274509802	NA	NA
llnl_66d1047e	Caelumvirus issmi	2955567	1	0.0	3.9215686274509802	NA	NA
llnl_66d1047e	Celiavirus celia	2955597	1	0.0	3.9215686274509802	NA	NA
llnl_66d1047e	Caulobacter virus Karma	1211641	1	0.0	3.9215686274509802	NA	NA
llnl_66d1047e	Caulobacter virus Magneto	1211642	1	0.0	3.9215686274509802	NA	NA
llnl_66d1047e	Colossusvirus colossus	2734194	1	0.0	3.9215686274509802	NA	NA
llnl_66d1047e	Pradovirus f30	1985735	1	0.0	3.9215686274509802	NA	NA
llnl_66d1047e	Acinetobacter phage vB_AbaM_Acibel004	1481186	1	0.0	3.9215686274509802	NA	NA
llnl_66d1047e	Acinetobacter phage vB_AbaM_phiAbaA1	1605379	1	0.0	3.9215686274509802	NA	NA
llnl_66d1047e	Unahavirus uv6H	2560472	1	0.0	3.9215686274509802	NA	NA
llnl_66d1047e	Jerseyvirus SETP13	2005694	1	0.0	3.9215686274509802	NA	NA
llnl_66d1047e	Alexandravirus AD1	2734080	1	0.0	3.9215686274509802	NA	NA
llnl_66d1047e	Maxrubnervirus PMBT3	2734251	1	0.0	3.9215686274509802	NA	NA
llnl_66d1047e	Gimaduovirus GMA2	3060018	1	0.0	3.9215686274509802	NA	NA
llnl_66d1047e	Fajavirus faja	3059993	1	0.0	3.9215686274509802	NA	NA
llnl_66d1047e	Dongdastvirus Axp3	2843626	1	0.0	3.9215686274509802	NA	NA
llnl_66d1047e	Mimasvirus GAP32	2560400	1	0.0	3.9215686274509802	NA	NA
llnl_66d1047e	Mimasvirus CBB	2560628	1	0.0	3.9215686274509802	NA	NA
llnl_66d1047e	Klausavirus kburrousTX	2843725	1	0.0	3.9215686274509802	NA	NA
llnl_66d1047e	Klausavirus lymara	2843728	1	0.0	3.9215686274509802	NA	NA
llnl_66d1047e	Austintatiousvirus austintatious	2734219	1	0.0	3.9215686274509802	NA	NA
llnl_66d1047e	Lessievirus bcep22	242527	1	0.0	3.9215686274509802	NA	NA
llnl_66d1047e	Lessievirus bcepil02	644524	1	0.0	3.9215686274509802	NA	NA
llnl_66d1047e	Camvirus sitrop	2955577	1	0.0	3.9215686274509802	NA	NA
llnl_66d1047e	Enterobacteria phage mEp237	1147151	1	0.0	3.9215686274509802	NA	NA
llnl_66d1047e	Cetovirus ceto	2060092	1	0.0	3.9215686274509802	NA	NA
llnl_66d1047e	Cheoctovirus SG4	3427890	1	0.0	3.9215686274509802	NA	NA
llnl_66d1047e	Thetabobvirus tchen	3432796	1	0.0	3.9215686274509802	NA	NA
llnl_66d1047e	Zicotriavirus ZC08	2845968	1	0.0	3.9215686274509802	NA	NA
llnl_66d1047e	Aorunvirus EE36phi1	2846414	1	0.0	3.9215686274509802	NA	NA
llnl_66d1047e	Zurivirus zuri	2845969	1	0.0	3.9215686274509802	NA	NA
llnl_66d1047e	Amginevirus darthP	2955326	1	0.0	3.9215686274509802	NA	NA
llnl_66d1047e	Kratiovirus larva	1056831	1	0.0	3.9215686274509802	NA	NA
llnl_66d1047e	Timquatrovirus zoeJ	2956533	1	0.0	3.9215686274509802	NA	NA
llnl_66d1047e	Aminayvirus aminay	2955329	1	0.0	3.9215686274509802	NA	NA
llnl_66d1047e	Casadabanvirus JD024	3059844	1	0.0	3.9215686274509802	NA	NA
llnl_66d1047e	Likavirus caliburn	1982885	1	0.0	3.9215686274509802	NA	NA
llnl_66d1047e	Camvirus CAM	1982883	1	0.0	3.9215686274509802	NA	NA
llnl_66d1047e	Camvirus alsaber	2955572	1	0.0	3.9215686274509802	NA	NA
llnl_66d1047e	Ravarandavirus kac68v161	2845690	1	0.0	3.9215686274509802	NA	NA
llnl_66d1047e	Chenonavirus Che9c	205872	1	0.0	3.9215686274509802	NA	NA
llnl_66d1047e	Barnyardvirus barnyard	1982363	1	0.0	3.9215686274509802	NA	NA
llnl_66d1047e	Seahorsevirus seahorse	3060691	1	0.0	3.9215686274509802	NA	NA
llnl_66d1047e	Triavirus tv42e	320837	1	0.0	3.9215686274509802	NA	NA
llnl_66d1047e	Tinduovirus TIN3	1982571	1	0.0	3.9215686274509802	NA	NA
llnl_66d1047e	Ionavirus W14	2560406	1	0.0	3.9215686274509802	NA	NA
llnl_66d1047e	Skulduggeryvirus skulduggery	3060714	1	0.0	3.9215686274509802	NA	NA
llnl_66d1047e	Luckytenvirus lucky10	2734247	1	0.0	3.9215686274509802	NA	NA
llnl_66d1047e	Mycoabscvirus phiT46-1	2956208	1	0.0	3.9215686274509802	NA	NA
llnl_66d1047e	Goodmanvirus goodman	2734238	1	0.0	3.9215686274509802	NA	NA
llnl_66d1047e	Godonkavirus godonK	2734237	1	0.0	3.9215686274509802	NA	NA
llnl_66d1047e	Gillianvirus oneinagillian	2734236	1	0.0	3.9215686274509802	NA	NA
llnl_66d1047e	Demosthenesvirus katyusha	1982108	1	0.0	3.9215686274509802	NA	NA
llnl_66d1047e	Cobrasixvirus cobrasix	3059893	1	0.0	3.9215686274509802	NA	NA
llnl_66d1047e	Appavirus appa	2734215	1	0.0	3.9215686274509802	NA	NA
llnl_66d1047e	Squashvirus hyperion	2734280	1	0.0	3.9215686274509802	NA	NA
llnl_66d1047e	Heverleevirus OLIVR5	3052245	1	0.0	3.9215686274509802	NA	NA
llnl_66d1047e	Seussvirus seuss	2734278	1	0.0	3.9215686274509802	NA	NA
llnl_66d1047e	Schnabeltiervirus schnabeltier	2734276	1	0.0	3.9215686274509802	NA	NA
llnl_66d1047e	Jilinvirus ep3	1918727	1	0.0	3.9215686274509802	NA	NA
llnl_66d1047e	Gordonia phage Utz	1838081	1	0.0	3.9215686274509802	NA	NA
llnl_66d1047e	Dinavirus dina	2846739	1	0.0	3.9215686274509802	NA	NA
llnl_66d1047e	Sheenvirus Sheen	2956443	1	0.0	3.9215686274509802	NA	NA
llnl_66d1047e	Gervaisevirus GP4	2846044	1	0.0	3.9215686274509802	NA	NA
llnl_66d1047e	Ryyoungvirus bcepC6B	279280	1	0.0	3.9215686274509802	NA	NA
llnl_66d1047e	Baileybluvirus baileyblu	3059755	1	0.0	3.9215686274509802	NA	NA
llnl_66d1047e	Raleighvirus raleigh	2734267	1	0.0	3.9215686274509802	NA	NA
llnl_66d1047e	Becedseptimavirus BCD7	2843753	1	0.0	3.9215686274509802	NA	NA
llnl_66d1047e	Veracruzvirus pistachio	2956640	1	0.0	3.9215686274509802	NA	NA
llnl_66d1047e	Camtrevirus S3501	2843789	1	0.0	3.9215686274509802	NA	NA
llnl_66d1047e	Pukovnikvirus ironman	2956341	1	0.0	3.9215686274509802	NA	NA
llnl_66d1047e	Brochothrix phage BL3	764562	1	0.0	3.9215686274509802	NA	NA
llnl_66d1047e	Clostridium phage c-st	12336	1	0.0	3.9215686274509802	NA	NA
llnl_66d1047e	Pectobacterium phage ZF40	1127516	1	0.0	3.9215686274509802	NA	NA
llnl_66d1047e	Salmonella phage SSU5	1177632	1	0.0	3.9215686274509802	NA	NA
llnl_66d1047e	Lactobacillus prophage Lj928	139872	1	0.0	3.9215686274509802	NA	NA
llnl_66d1047e	Yangshan Harbor Nitrososphaeria virus	2969597	1	0.0	3.9215686274509802	NA	NA
llnl_66d1047e	Salmonella phage SPN3UB	1147140	1	0.0	3.9215686274509802	NA	NA
llnl_66d1047e	Gordtnkvirus gordtnk2	1982219	1	0.0	3.9215686274509802	NA	NA
llnl_66d1047e	Ittyvirus itty13	3060058	1	0.0	3.9215686274509802	NA	NA
llnl_66d1047e	Whiteheadvirus wv1358	2845151	1	0.0	3.9215686274509802	NA	NA
llnl_66d1047e	Aurunvirus STIM5	2734088	1	0.0	3.9215686274509802	NA	NA
llnl_66d1047e	Yersinia phage phiR1-37	331278	1	0.0	3.9215686274509802	NA	NA
llnl_66d1047e	Rhodovulum phage vB_RhkS_P1	1873452	1	0.0	3.9215686274509802	NA	NA
llnl_66d1047e	Lactobacillus phage phiPYB5	438780	1	0.0	3.9215686274509802	NA	NA
llnl_66d1047e	Burkholderia phage KS10	557289	1	0.0	3.9215686274509802	NA	NA
llnl_66d1047e	Ralstonia phage RS138	1483485	1	0.0	3.9215686274509802	NA	NA
llnl_66d1047e	Mementomorivirus cressida	3430795	1	0.0	3.9215686274509802	NA	NA
llnl_66d1047e	Chymeravirus chymera	3427943	1	0.0	3.9215686274509802	NA	NA
llnl_66d1047e	Bantamvirus bantam	2560484	1	0.0	3.9215686274509802	NA	NA
llnl_66d1047e	Halfdanvirus halfdan	3429154	1	0.0	3.9215686274509802	NA	NA
llnl_66d1047e	Efekovirus efeko	3428447	1	0.0	3.9215686274509802	NA	NA
llnl_66d1047e	Coatlandelriovirus RSP	2955710	1	0.0	3.9215686274509802	NA	NA
llnl_66d1047e	Naesvirus bcepNY3	446807	1	0.0	3.9215686274509802	NA	NA
llnl_66d1047e	Finchvirus finch	2955888	1	0.0	3.9215686274509802	NA	NA
llnl_66d1047e	Veewebvirus vwb	3060797	1	0.0	3.9215686274509802	NA	NA
llnl_66d1047e	Parlovirus parlo	2846185	1	0.0	3.9215686274509802	NA	NA
llnl_66d1047e	Bernalvirus bernal13	1982102	1	0.0	3.9215686274509802	NA	NA
llnl_66d1047e	Chaovirus bigenum	3427862	1	0.0	3.9215686274509802	NA	NA
llnl_66d1047e	Rahariannevirus raharianne	2846050	1	0.0	3.9215686274509802	NA	NA
llnl_66d1047e	Sasdunavirus SASD1	3060679	1	0.0	3.9215686274509802	NA	NA
llnl_66d1047e	Samsavirus crystalli	3432247	1	0.0	3.9215686274509802	NA	NA
llnl_66d1047e	Oscarsovirus oscarso	3431516	1	0.0	3.9215686274509802	NA	NA
llnl_66d1047e	Coltivirus ixodis	3428067	1	0.0	3.9215686274509802	NA	NA
llnl_66d1047e	Theiavirus salishense	3060737	1	0.0	3.9215686274509802	NA	NA
llnl_66d1047e	Toursvirus dptv1a	3047794	1	0.0	3.9215686274509802	NA	NA
llnl_66d1047e	Lymphocystis disease virus Sa	1898060	1	0.0	3.9215686274509802	NA	NA
llnl_66d1047e	Chloriridovirus simulium2	3427925	1	0.0	3.9215686274509802	NA	NA
llnl_66d1047e	Tokyovirus A1	1826170	1	0.0	3.9215686274509802	NA	NA
llnl_66d1047e	Citexvirus BR319A	2955705	1	0.0	3.9215686274509802	NA	NA
llnl_66d1047e	Alphasphaerolipovirus pinkense	2955317	1	0.0	3.9215686274509802	NA	NA
llnl_66d1047e	Hohrdovirus pedovivens	2844849	1	0.0	3.9215686274509802	NA	NA
llnl_66d1047e	Uukuvirus tyulenyense	3052809	1	0.0	3.9215686274509802	NA	NA
llnl_66d1047e	Orthobunyavirus biraoense	3052375	1	0.0	3.9215686274509802	NA	NA
llnl_66d1047e	Betanucleorhabdovirus asclepiadis	3059772	1	0.0	3.9215686274509802	NA	NA
llnl_66d1047e	Sripuvirus almpiwar	1985693	1	0.0	3.9215686274509802	NA	NA
llnl_66d1047e	Hepatovirus bephopi	3429213	1	0.0	3.9215686274509802	NA	NA
llnl_66d1047e	Pegivirus hominis	3052608	1	0.0	3.9215686274509802	NA	NA
llnl_66d1047e	Orthoflavivirus loupingi	3048184	1	0.0	3.9215686274509802	NA	NA
llnl_66d1047e	Shenzhenivirus sszbm1	3060701	1	0.0	3.9215686274509802	NA	NA
llnl_66d1047e	Ormenosvirus syn9	2956240	1	0.0	3.9215686274509802	NA	NA
llnl_66d1047e	Tequatrovirus ime09	1914200	1	0.0	3.9215686274509802	NA	NA
llnl_66d1047e	Tequatrovirus ozark	2844216	1	0.0	3.9215686274509802	NA	NA
llnl_66d1047e	Karamvirus pg7	1913655	1	0.0	3.9215686274509802	NA	NA
llnl_66d1047e	Jiaodavirus kpv477	2956013	1	0.0	3.9215686274509802	NA	NA
llnl_66d1047e	Moonvirus kayemsixteen	3060391	1	0.0	3.9215686274509802	NA	NA
llnl_66d1047e	Kanagawavirus threeohfive	3060062	1	0.0	3.9215686274509802	NA	NA
llnl_66d1047e	Derbicusvirus derbicus	2734104	1	0.0	3.9215686274509802	NA	NA
llnl_66d1047e	Erwinia phage vB_EamM_Phobos	1883377	1	0.0	3.9215686274509802	NA	NA
llnl_66d1047e	Risingsunvirus risingsun	2560435	1	0.0	3.9215686274509802	NA	NA
llnl_66d1047e	Chaoshanvirus ZPAH34	3059856	1	0.0	3.9215686274509802	NA	NA
llnl_66d1047e	Maaswegvirus Kp24	3060175	1	0.0	3.9215686274509802	NA	NA
llnl_66d1047e	Yushanluvirus satich	3060825	1	0.0	3.9215686274509802	NA	NA
llnl_66d1047e	Yellowseavirus thirtyeight	3060818	1	0.0	3.9215686274509802	NA	NA
llnl_66d1047e	Nerrivikvirus srim2	2734125	1	0.0	3.9215686274509802	NA	NA
llnl_66d1047e	Alphabaculovirus peluscae	3051421	1	0.0	3.9215686274509802	NA	NA
llnl_66d1047e	Bracoviriform congregatae	39640	1	0.0	3.9215686274509802	NA	NA
llnl_66d1047e	Alphatorquevirus homin21	3048423	1	0.0	3.9215686274509802	NA	NA
llnl_66d1047e	Ceetrepovirus stickynote	2955596	1	0.0	3.9215686274509802	NA	NA
llnl_66d1047e	Aurodevirus hiberniae	2955382	1	0.0	3.9215686274509802	NA	NA
llnl_66d1047e	Dabirmavirus hominis	2955735	1	0.0	3.9215686274509802	NA	NA
llnl_66d1047e	Endlipuvirus intestinihominis	2955861	1	0.0	3.9215686274509802	NA	NA
llnl_66d1047e	Jahgtovirus intestinalis	2955996	1	0.0	3.9215686274509802	NA	NA
llnl_66d1047e	Epsilonentomopoxvirus dlongicaudata	3428560	1	0.0	3.9215686274509802	NA	NA
llnl_66d1047e	Mastadenovirus caesari	3241411	1	0.0	3.9215686274509802	NA	NA
llnl_66d1047e	Aviadenovirus gallopavoprimum	3426526	1	0.0	3.9215686274509802	NA	NA
llnl_66d1047e	Aviadenovirus hepatitidis	3426530	1	0.0	3.9215686274509802	NA	NA
llnl_66d1047e	Kaumoebavirus	1859492	1	0.0	3.9215686274509802	NA	NA
llnl_66d1047e	Pacmanvirus A23	1932881	1	0.0	3.9215686274509802	NA	NA
llnl_66d1047e	Mollivirus sibericum	1678078	1	0.0	3.9215686274509802	NA	NA
llnl_66d1047e	Alphabaculovirus lydisparis	3048188	1	0.0	3.9215686274509802	NA	NA
llnl_66d1047e	Novemvirus T5282H	2844122	1	0.0	3.9215686274509802	NA	NA
llnl_66d1047e	Kisquattuordecimvirus KS14	2734065	1	0.0	3.9215686274509802	NA	NA
llnl_66d1047e	Phikzvirus phiKZ	169683	1	0.0	3.9215686274509802	NA	NA
llnl_66d1047e	Erskinevirus asesino	2169882	1	0.0	3.9215686274509802	NA	NA
llnl_66d1047e	Losannavirus tunisense	1255301	1	0.0	3.9215686274509802	NA	NA
llnl_66d1047e	Alphaorpheovirus massiliense	3426221	1	0.0	3.9215686274509802	NA	NA
llnl_66d1047e	Parapoxvirus pseudocowpox	3431390	1	0.0	3.9215686274509802	NA	NA
llnl_66d1047e	Orthopoxvirus monkeypox	3431483	1	0.0	3.9215686274509802	NA	NA
llnl_66d1047e	Tigrvirus BP822	3060742	1	0.0	3.9215686274509802	NA	NA
llnl_66d1047e	Peduovirus FSLSP004	3431429	1	0.0	3.9215686274509802	NA	NA
llnl_66d1047e	Peduovirus P22H4	2844218	1	0.0	3.9215686274509802	NA	NA
llnl_66d1047e	Xuanwuvirus xv520873	2844179	1	0.0	3.9215686274509802	NA	NA
llnl_66d1047e	Aptresvirus mana	2955375	1	0.0	3.9215686274509802	NA	NA
llnl_66d1047e	Aresaunavirus RSA1	406340	1	0.0	3.9215686274509802	NA	NA
llnl_66d1047e	Arsenicumvirus M163	3059738	1	0.0	3.9215686274509802	NA	NA
llnl_66d1047e	Eganvirus SW9	2846110	1	0.0	3.9215686274509802	NA	NA
