Species	Taxonomy_ID	Assigned_Reads	Fraction	RPM	Genome_Length_bp	RPKM
Pulverervirus PFR1	2170091	102	0.0004	400.0	NA	NA
Bridgettevirus peas	2734226	101	0.0004	396.078431372549	NA	NA
Beihai sipunculid worm virus 3	1922675	93	0.0004	364.7058823529412	NA	NA
Neptunevirus srim18	2734121	91	0.0004	356.8627450980392	NA	NA
Medeavirus medea1	3430767	90	0.0004	352.94117647058823	NA	NA
Llyrvirus SSKS1	2734116	80	0.0003	313.72549019607845	NA	NA
Mieseafarmvirus RSL1	1980923	78	0.0003	305.88235294117646	NA	NA
Krompvirus kromp	3430283	76	0.0003	298.0392156862745	NA	NA
Menderavirus mendera	2846389	76	0.0003	298.0392156862745	NA	NA
Stanholtvirus E125	180504	74	0.0003	290.19607843137254	NA	NA
Asteriusvirus PBECO4	2560463	73	0.0003	286.27450980392155	NA	NA
Stormageddonvirus Stormageddon	2956470	67	0.0003	262.7450980392157	NA	NA
Marienburgvirus JLK2012	2844207	62	0.0003	243.13725490196077	NA	NA
Cyvirus cyprinidallo3	3050271	60	0.0003	235.29411764705884	NA	NA
Phabquatrovirus PHB04	2734129	57	0.0002	223.52941176470588	NA	NA
Grutrevirus GMA5	3060025	51	0.0002	200.0	NA	NA
Gihfavirus pelohabitans	2844652	51	0.0002	200.0	NA	NA
Kinglevirus lutadaptatum	2845070	50	0.0002	196.078431372549	NA	NA
Casadabanvirus R24	3059848	43	0.0002	168.62745098039215	NA	NA
Vimunumvirus ST147VIM1phi71	2845097	43	0.0002	168.62745098039215	NA	NA
Wellingtonvirus wellington	2734153	38	0.0002	149.01960784313724	NA	NA
Alegriavirus av2B8	2844171	37	0.0002	145.09803921568627	NA	NA
Microwolfvirus zetzy	2956194	34	0.0001	133.33333333333334	NA	NA
Citricivirus chongqinense	3059891	33	0.0001	129.41176470588235	NA	NA
Shigella phage SfIV	1407493	32	0.0001	125.49019607843137	NA	NA
Matervirus mater	2560332	30	0.0001	117.64705882352942	NA	NA
Pawinskivirus PS119XW	3060524	28	0.0001	109.80392156862744	NA	NA
Bacillus phage vB_BhaS-171	1775140	27	0.0001	105.88235294117648	NA	NA
Natevirus nate	3060406	26	0.0001	101.96078431372548	NA	NA
Noxifervirus noxifer	2560671	25	0.0001	98.0392156862745	NA	NA
Mycobacterium phage RhynO	1458846	23	0.0001	90.19607843137256	NA	NA
Pandoravirus salinus	1349410	22	0.0001	86.27450980392156	NA	NA
Hiroshimavirus PPpW3	3060034	22	0.0001	86.27450980392156	NA	NA
Wroclawvirus PA5oct	3060806	22	0.0001	86.27450980392156	NA	NA
Unicornvirus unicorn	2956580	21	0.0001	82.3529411764706	NA	NA
Pandoravirus quercus	2107709	21	0.0001	82.3529411764706	NA	NA
Escherichia phage HK639	906669	20	0.0001	78.43137254901961	NA	NA
Kaypoctavirus KP8	2845088	20	0.0001	78.43137254901961	NA	NA
Punavirus P1	10678	19	0.0001	74.50980392156862	NA	NA
Denisevirus denise	3059965	18	0.0001	70.58823529411764	NA	NA
Eneladusvirus Yen904	2560849	18	0.0001	70.58823529411764	NA	NA
Minunavirus Min1	2560595	18	0.0001	70.58823529411764	NA	NA
Kumaovirus kumao	2956095	17	0.0001	66.66666666666667	NA	NA
Omarvirus omar	2956237	17	0.0001	66.66666666666667	NA	NA
Jacunavirus JC01	2955994	17	0.0001	66.66666666666667	NA	NA
Pandoravirus dulcis	1349409	17	0.0001	66.66666666666667	NA	NA
Abidjanvirus PaMx11	3425958	17	0.0001	66.66666666666667	NA	NA
Punavirus RCS47	2560452	17	0.0001	66.66666666666667	NA	NA
Mastadenovirus rhinolopidae	3241444	16	0.0001	62.745098039215684	NA	NA
Gilesvirus giles	1982151	16	0.0001	62.745098039215684	NA	NA
Myrnavirus phabba	3430982	16	0.0001	62.745098039215684	NA	NA
Phitrevirus phi3	2734069	15	0.0001	58.82352941176471	NA	NA
Gilgameshvirus gilgamesh	3429029	14	0.0001	54.90196078431372	NA	NA
Novosibvirus stubb	2733995	14	0.0001	54.90196078431372	NA	NA
Pumpernickelvirus pumpernickel	3432031	14	0.0001	54.90196078431372	NA	NA
Alphabaculovirus agipsilonis	3047352	14	0.0001	54.90196078431372	NA	NA
Agatevirus bobb	1910936	13	0.0001	50.98039215686274	NA	NA
Mufasoctovirus mufasa8	2843729	13	0.0001	50.98039215686274	NA	NA
Branisovskavirus Kc263	3059793	13	0.0001	50.98039215686274	NA	NA
Acanthamoeba castellanii medusavirus	2080449	13	0.0001	50.98039215686274	NA	NA
Sawaravirus WGPS2	2844234	12	0.0001	47.05882352941177	NA	NA
Picornavirales Bu-3	1813613	12	0.0001	47.05882352941177	NA	NA
Bronvirus bron	3427627	11	0.0	43.13725490196078	NA	NA
Ralstonia phage RSP15	1785960	11	0.0	43.13725490196078	NA	NA
Pseudomonas phage YMC11/07/P54_PAE_BP	1777064	11	0.0	43.13725490196078	NA	NA
Ampunavirus BpAMP1	2733589	11	0.0	43.13725490196078	NA	NA
Jouyvirus ev017	2844245	10	0.0	39.21568627450981	NA	NA
Crocodylidpoxvirus nilecrocodilepox	3428121	10	0.0	39.21568627450981	NA	NA
Delepquintavirus DLP5	2560782	10	0.0	39.21568627450981	NA	NA
Brussowvirus 20617	3059794	10	0.0	39.21568627450981	NA	NA
Busanvirus ACP17	2560261	10	0.0	39.21568627450981	NA	NA
Polybotosvirus Atuph07	2560286	10	0.0	39.21568627450981	NA	NA
Pandoravirus inopinatum	1605721	9	0.0	35.29411764705882	NA	NA
Baikalvirus PaBG	2734089	9	0.0	35.29411764705882	NA	NA
Enterobacteria phage P4	10680	9	0.0	35.29411764705882	NA	NA
Likavirus lannister	1982889	9	0.0	35.29411764705882	NA	NA
Bertelyvirus BL9	2734192	9	0.0	35.29411764705882	NA	NA
Escherichia phage D6	2014434	8	0.0	31.372549019607842	NA	NA
Chakrabartyvirus pf16	2560689	8	0.0	31.372549019607842	NA	NA
Rhodococcus phage REQ1	1109712	8	0.0	31.372549019607842	NA	NA
Cimandefvirus cimandef	2846040	8	0.0	31.372549019607842	NA	NA
Stenotrophomonas phage S1	573591	8	0.0	31.372549019607842	NA	NA
Inibicvirus 613R3	3429951	8	0.0	31.372549019607842	NA	NA
Ampunavirus RSPI1	2733590	8	0.0	31.372549019607842	NA	NA
Gemsvirus gv5004652	2955946	7	0.0	27.45098039215686	NA	NA
Alphanudivirus grybimaculati	3047860	7	0.0	27.45098039215686	NA	NA
Pylasvirus pylas	2845095	7	0.0	27.45098039215686	NA	NA
Watanabevirus wv3521	2845126	7	0.0	27.45098039215686	NA	NA
Readingvirus MR15	3432142	7	0.0	27.45098039215686	NA	NA
Immutovirus immuto	2955989	7	0.0	27.45098039215686	NA	NA
Rhizobium phage RHEph10	1220717	7	0.0	27.45098039215686	NA	NA
Tsukamurella phage TPA4	1647476	7	0.0	27.45098039215686	NA	NA
Axeltriavirus AXL3	3059753	7	0.0	27.45098039215686	NA	NA
Bugaksanvirus R656	3427643	7	0.0	27.45098039215686	NA	NA
Erskinevirus EaH2	2169883	7	0.0	27.45098039215686	NA	NA
Fadolivirus algeromassiliense	3060017	7	0.0	27.45098039215686	NA	NA
Haemophilus phage Aaphi23	230158	6	0.0	23.529411764705884	NA	NA
Pseudomonas phage MD8	1868596	6	0.0	23.529411764705884	NA	NA
Chrysochromulina ericina virus	455364	6	0.0	23.529411764705884	NA	NA
Chlorovirus heliozoae	322019	6	0.0	23.529411764705884	NA	NA
Cronobacter phage ENT39118	984175	6	0.0	23.529411764705884	NA	NA
Gegevirus ST437OXA245phi41	2955944	6	0.0	23.529411764705884	NA	NA
Enterobacteria phage mEp390	1147158	6	0.0	23.529411764705884	NA	NA
Simpcentumvirus Smp131	2734074	6	0.0	23.529411764705884	NA	NA
Pandoravirus neocaledonia	2107708	6	0.0	23.529411764705884	NA	NA
Ludhianavirus LAh10	3060173	6	0.0	23.529411764705884	NA	NA
Charybdisvirus scam3	2734102	6	0.0	23.529411764705884	NA	NA
Rheavirus sinusmexicani	3047716	6	0.0	23.529411764705884	NA	NA
Radostvirus ev099	2844247	6	0.0	23.529411764705884	NA	NA
Poushouvirus Poushou	2560396	6	0.0	23.529411764705884	NA	NA
Aceathervirus RM10	3425976	6	0.0	23.529411764705884	NA	NA
Sedonavirus tusconh	2956426	6	0.0	23.529411764705884	NA	NA
Shangdongvirus ply2008005c	3432383	6	0.0	23.529411764705884	NA	NA
Xooduovirus Xoosp2	2956702	6	0.0	23.529411764705884	NA	NA
Successvirus success	3432624	6	0.0	23.529411764705884	NA	NA
Myrnavirus myrna	2956212	6	0.0	23.529411764705884	NA	NA
Colossusvirus PW	2734195	6	0.0	23.529411764705884	NA	NA
Bertelyvirus SC	2734193	6	0.0	23.529411764705884	NA	NA
Zindervirus SP6	194966	6	0.0	23.529411764705884	NA	NA
Dolmabahcevirus turkishdelight	3428314	5	0.0	19.607843137254903	NA	NA
Respirovirus ratufae	3052732	5	0.0	19.607843137254903	NA	NA
Gualtarvirus mp1	2955964	5	0.0	19.607843137254903	NA	NA
Ishigurovirus osborne	260149	5	0.0	19.607843137254903	NA	NA
Chrysonvirus as5	2955700	5	0.0	19.607843137254903	NA	NA
Miltoncavirus PhiPA3	3060307	5	0.0	19.607843137254903	NA	NA
Parapoxvirus bovinestomatitis	3431388	5	0.0	19.607843137254903	NA	NA
Anayavirus nibb	2955346	5	0.0	19.607843137254903	NA	NA
Xoxocotlavirus X228B	3060807	5	0.0	19.607843137254903	NA	NA
Enterobacteria phage phi80	10713	5	0.0	19.607843137254903	NA	NA
Enterobacteria phage HK225	1147144	5	0.0	19.607843137254903	NA	NA
Bcepmuvirus bcepMu	264729	5	0.0	19.607843137254903	NA	NA
Cuauhnahuacvirus Y65	3059911	5	0.0	19.607843137254903	NA	NA
Weaselvirus weasel	2560706	5	0.0	19.607843137254903	NA	NA
Pankowvirus YYZ2008	2844135	5	0.0	19.607843137254903	NA	NA
Eceepunavirus EcP1	2844120	5	0.0	19.607843137254903	NA	NA
Micavirus Mica	2956191	5	0.0	19.607843137254903	NA	NA
Bippervirus bipper	2955496	5	0.0	19.607843137254903	NA	NA
Fuzanglongvirus ZL12	3428900	5	0.0	19.607843137254903	NA	NA
Punavirus SJ46	2560732	5	0.0	19.607843137254903	NA	NA
Xooduovirus QDWS359	3433525	5	0.0	19.607843137254903	NA	NA
Elveevirus 4LV2017	2734062	5	0.0	19.607843137254903	NA	NA
Riverridervirus riverrider	2846672	5	0.0	19.607843137254903	NA	NA
Cinqassovirus aeh1	227470	4	0.0	15.686274509803921	NA	NA
Salmonella phage SEN22	1647458	4	0.0	15.686274509803921	NA	NA
Buchavirus hominis	2955552	4	0.0	15.686274509803921	NA	NA
Varicellovirus suidalpha1	3050355	4	0.0	15.686274509803921	NA	NA
Hadassahvirus azbtza1	2843628	4	0.0	15.686274509803921	NA	NA
Oslovirus PA2	1981168	4	0.0	15.686274509803921	NA	NA
Liefievirus taheera	2956116	4	0.0	15.686274509803921	NA	NA
Sinorhizobium phage phiLM21	1524882	4	0.0	15.686274509803921	NA	NA
Xanthomonas citri phage CP2	1188795	4	0.0	15.686274509803921	NA	NA
Daredevilvirus daredevil	2734229	4	0.0	15.686274509803921	NA	NA
Aokuangvirus SCBWM1	2734084	4	0.0	15.686274509803921	NA	NA
Mollymurvirus mollymur	3060390	4	0.0	15.686274509803921	NA	NA
Lactococcus phage PLgT-1	1815955	4	0.0	15.686274509803921	NA	NA
Oneupvirus oneup	1982560	4	0.0	15.686274509803921	NA	NA
Elpedvirus LpeD	2845137	4	0.0	15.686274509803921	NA	NA
Certrevirus CR9	1914899	4	0.0	15.686274509803921	NA	NA
Gaiavirus gaia	1982148	4	0.0	15.686274509803921	NA	NA
Sleepyheadvirus sleepyhead	2846061	4	0.0	15.686274509803921	NA	NA
Finkelvirus finkel	3428776	4	0.0	15.686274509803921	NA	NA
Paadamvirus RHEph01	2733939	4	0.0	15.686274509803921	NA	NA
Poindextervirus rogue	2748760	4	0.0	15.686274509803921	NA	NA
Cyamitesvirus I16	3059912	4	0.0	15.686274509803921	NA	NA
Pokkenvirus piffle	3060635	4	0.0	15.686274509803921	NA	NA
Sixamavirus sixama	3060713	4	0.0	15.686274509803921	NA	NA
Typhavirus typha	2956575	4	0.0	15.686274509803921	NA	NA
Primolicivirus Pf8	2956337	4	0.0	15.686274509803921	NA	NA
Parapoxvirus orf	3431389	4	0.0	15.686274509803921	NA	NA
Pandoravirus macleodensis	2107707	4	0.0	15.686274509803921	NA	NA
Megavirus chilense	3060301	4	0.0	15.686274509803921	NA	NA
Trichoplusia ni ascovirus 2c	328615	4	0.0	15.686274509803921	NA	NA
Tupanvirus altamarinense	3060757	3	0.0	11.764705882352942	NA	NA
Cotonvirus japonicum	3059904	3	0.0	11.764705882352942	NA	NA
Ollusvirus coleopteri	2845706	3	0.0	11.764705882352942	NA	NA
Biavirus raunefjordenense	3059777	3	0.0	11.764705882352942	NA	NA
Xuanwuvirus P884B11	2844224	3	0.0	11.764705882352942	NA	NA
Erwinia phage vB_EamM_Caitlin	1883379	3	0.0	11.764705882352942	NA	NA
Piscesmortuivirus LPM4	3060630	3	0.0	11.764705882352942	NA	NA
Nodensvirus spm2	2734126	3	0.0	11.764705882352942	NA	NA
Serangoonvirus essarone	3060697	3	0.0	11.764705882352942	NA	NA
Anaposvirus socalone	2734083	3	0.0	11.764705882352942	NA	NA
Sciuripoxvirus squirrelpox	3432296	3	0.0	11.764705882352942	NA	NA
Tepukevirus Psa21	3060728	3	0.0	11.764705882352942	NA	NA
Poindextervirus BL10	2734196	3	0.0	11.764705882352942	NA	NA
Glaedevirus gv2H10	2844173	3	0.0	11.764705882352942	NA	NA
Donellivirus gee	1084719	3	0.0	11.764705882352942	NA	NA
Kenyattavirus kv136	3060064	3	0.0	11.764705882352942	NA	NA
Santhisvirus reyja	3432254	3	0.0	11.764705882352942	NA	NA
Magiavirus magia	3060177	3	0.0	11.764705882352942	NA	NA
Edenvirus eden	2734230	3	0.0	11.764705882352942	NA	NA
Ringroadvirus BUCT47333	3432165	3	0.0	11.764705882352942	NA	NA
Hapunavirus HAP1	499235	3	0.0	11.764705882352942	NA	NA
Jacevirus jace	2734240	3	0.0	11.764705882352942	NA	NA
Gustavvirus gustav	2560501	3	0.0	11.764705882352942	NA	NA
Denvervirus dv9183	2955750	3	0.0	11.764705882352942	NA	NA
Hiyaavirus hiyaa	2734239	3	0.0	11.764705882352942	NA	NA
Arsyunavirus RSY1	2955380	3	0.0	11.764705882352942	NA	NA
Jiangsuvirus pspyzu05	2956010	3	0.0	11.764705882352942	NA	NA
Tulanevirus 60ahydrpp	2956562	3	0.0	11.764705882352942	NA	NA
Cronobacter phage S13	1327935	3	0.0	11.764705882352942	NA	NA
Bohxovirus oralis	2955512	3	0.0	11.764705882352942	NA	NA
Kwaitsingvirus HK544	2169923	3	0.0	11.764705882352942	NA	NA
Sarumanvirus bcepsauron	2843897	3	0.0	11.764705882352942	NA	NA
Varicellovirus monodontidalpha1	3050322	3	0.0	11.764705882352942	NA	NA
Zedzedvirus zz1	2843640	3	0.0	11.764705882352942	NA	NA
Streptococcus phage phi3396	423476	3	0.0	11.764705882352942	NA	NA
Mannheimia phage vB_MhS_587AP2	1572745	3	0.0	11.764705882352942	NA	NA
Enterobacteria phage SfV	55884	3	0.0	11.764705882352942	NA	NA
Acinetobacter phage YMC13/03/R2096	1560342	3	0.0	11.764705882352942	NA	NA
Citexvirus dobby	2734058	3	0.0	11.764705882352942	NA	NA
Acadianvirus serendipitous	2955229	3	0.0	11.764705882352942	NA	NA
Reyvirus rey	1983751	3	0.0	11.764705882352942	NA	NA
Bongovirus bongo	1983750	3	0.0	11.764705882352942	NA	NA
Trinavirus trina	2560705	3	0.0	11.764705882352942	NA	NA
Coeurvirus coeur	3059894	3	0.0	11.764705882352942	NA	NA
Anayavirus curiosium	2955339	3	0.0	11.764705882352942	NA	NA
Pylasvirus KpCHEMY26	2845089	3	0.0	11.764705882352942	NA	NA
Yosifvirus yosif	2956707	3	0.0	11.764705882352942	NA	NA
Likavirus zemlya	1982892	3	0.0	11.764705882352942	NA	NA
Anayavirus validus	2955351	3	0.0	11.764705882352942	NA	NA
Vojvodinavirus CN2	3433288	3	0.0	11.764705882352942	NA	NA
Wildcatvirus wildcat	3433478	3	0.0	11.764705882352942	NA	NA
Beenievirus easley	3059766	3	0.0	11.764705882352942	NA	NA
Zitchvirus zitch	2956713	3	0.0	11.764705882352942	NA	NA
Littlefixvirus 98Pflur60pp	3060164	3	0.0	11.764705882352942	NA	NA
Lilmcdreamyvirus lilmcdreamy	2956123	3	0.0	11.764705882352942	NA	NA
Tomasvirus tomas	3060743	3	0.0	11.764705882352942	NA	NA
Vendettavirus tzgordon	2956635	3	0.0	11.764705882352942	NA	NA
Jiaodavirus kp179	2956011	2	0.0	7.8431372549019605	NA	NA
Felsduovirus SEN8	2734064	2	0.0	7.8431372549019605	NA	NA
Scyllavirus aitchnine	3060690	2	0.0	7.8431372549019605	NA	NA
Mastadenovirus exoticum	3241425	2	0.0	7.8431372549019605	NA	NA
Macariavirus tuscon14g	2956144	2	0.0	7.8431372549019605	NA	NA
Tequatrovirus mlf4	2956501	2	0.0	7.8431372549019605	NA	NA
Cymopoleiavirus swam2	2734103	2	0.0	7.8431372549019605	NA	NA
Bristolvirus rhodeisland	2955536	2	0.0	7.8431372549019605	NA	NA
Zhoulongquanvirus esscess	3060828	2	0.0	7.8431372549019605	NA	NA
Kratosvirus quantuckense	3060070	2	0.0	7.8431372549019605	NA	NA
Alphacytorhabdovirus betawuhaninsectum	3426122	2	0.0	7.8431372549019605	NA	NA
Oceanusvirus kaneohense	3060432	2	0.0	7.8431372549019605	NA	NA
Moumouvirus goulettemassiliense	3080760	2	0.0	7.8431372549019605	NA	NA
Tequatrovirus zeen18	2846681	2	0.0	7.8431372549019605	NA	NA
Siftrevirus SF3	3060706	2	0.0	7.8431372549019605	NA	NA
Brujitavirus babsiella	1089115	2	0.0	7.8431372549019605	NA	NA
Emirosevirus emirose	3428472	2	0.0	7.8431372549019605	NA	NA
Wizardvirus bakery	2956682	2	0.0	7.8431372549019605	NA	NA
Ravinvirus N15	40631	2	0.0	7.8431372549019605	NA	NA
Northamptonvirus taptic	3060421	2	0.0	7.8431372549019605	NA	NA
Anayavirus yuna	2955352	2	0.0	7.8431372549019605	NA	NA
Shapirovirus cbk	1204537	2	0.0	7.8431372549019605	NA	NA
Henunavirus SNUABM01	2844165	2	0.0	7.8431372549019605	NA	NA
Getalongvirus bentherdunthat	2734199	2	0.0	7.8431372549019605	NA	NA
Bixzunavirus lukilu	2560606	2	0.0	7.8431372549019605	NA	NA
Cbastvirus ST	1918720	2	0.0	7.8431372549019605	NA	NA
Beecentumtrevirus Nf	10753	2	0.0	7.8431372549019605	NA	NA
Bievrevirus bv4A7	2844174	2	0.0	7.8431372549019605	NA	NA
Miecznikowavirus AH14a	3430847	2	0.0	7.8431372549019605	NA	NA
Pelagivirus S35C6	2733945	2	0.0	7.8431372549019605	NA	NA
Wadgaonvirus wv5004651	2956672	2	0.0	7.8431372549019605	NA	NA
Acanvirus Rheph22	3059695	2	0.0	7.8431372549019605	NA	NA
Peduovirus fiAA91ss	2560457	2	0.0	7.8431372549019605	NA	NA
Dendoorenvirus RG2014	2844071	2	0.0	7.8431372549019605	NA	NA
Asteriusvirus av121Q	2560436	2	0.0	7.8431372549019605	NA	NA
Stanholtvirus sv6442	431891	2	0.0	7.8431372549019605	NA	NA
Lambdavirus DE3	3430323	2	0.0	7.8431372549019605	NA	NA
Lacusarxvirus lacusarx	2560778	2	0.0	7.8431372549019605	NA	NA
Vhulanivirus Shpa	2560625	2	0.0	7.8431372549019605	NA	NA
Juiceboxvirus juicebox	2734241	2	0.0	7.8431372549019605	NA	NA
Muldoonvirus muldoon	2846182	2	0.0	7.8431372549019605	NA	NA
Nickievirus nickie	2560688	2	0.0	7.8431372549019605	NA	NA
Andrewvirus andrew	2734214	2	0.0	7.8431372549019605	NA	NA
Luchadorvirus gail	3430508	2	0.0	7.8431372549019605	NA	NA
Borockvirus brock	2846393	2	0.0	7.8431372549019605	NA	NA
Marfavirus F48	2845079	2	0.0	7.8431372549019605	NA	NA
Nanhaivirus D5C	2560407	2	0.0	7.8431372549019605	NA	NA
Heilongjiangvirus Lb	2734110	2	0.0	7.8431372549019605	NA	NA
Britbratvirus britbrat	2560489	2	0.0	7.8431372549019605	NA	NA
Kostyavirus toto	1993871	2	0.0	7.8431372549019605	NA	NA
Dardanusvirus dardanus	2955737	2	0.0	7.8431372549019605	NA	NA
Jawnskivirus brent	3430001	2	0.0	7.8431372549019605	NA	NA
Vibakivirus vibaki	2843733	2	0.0	7.8431372549019605	NA	NA
Alteromonas phage vB_AmaP_AD45-P1	1300004	2	0.0	7.8431372549019605	NA	NA
Antsirabevirus antsirabe	2955364	2	0.0	7.8431372549019605	NA	NA
Simplexvirus macacinealpha1	3050305	2	0.0	7.8431372549019605	NA	NA
Mydovirus mydo	2845940	2	0.0	7.8431372549019605	NA	NA
Sanovirus sano	3432251	2	0.0	7.8431372549019605	NA	NA
Saguarovirus saguaro	2956386	2	0.0	7.8431372549019605	NA	NA
Wilnyevirus billnye	2560486	2	0.0	7.8431372549019605	NA	NA
Coopervirus vincenzo	1983110	2	0.0	7.8431372549019605	NA	NA
Samistivirus bmoc	2956391	2	0.0	7.8431372549019605	NA	NA
Faustvirus faust	3059994	2	0.0	7.8431372549019605	NA	NA
Broinstvirus pCB2051A	2955537	2	0.0	7.8431372549019605	NA	NA
Pleakleyvirus pleakley	2956325	2	0.0	7.8431372549019605	NA	NA
Aurantimonas phage AmM-1	1503929	2	0.0	7.8431372549019605	NA	NA
Enterobacteria phage phiP27	103807	2	0.0	7.8431372549019605	NA	NA
Brucella phage BiPBO1	1718278	2	0.0	7.8431372549019605	NA	NA
Gordonia phage GMA4	1647471	2	0.0	7.8431372549019605	NA	NA
Rhodococcus phage E3	1007869	2	0.0	7.8431372549019605	NA	NA
Pseudomonas phage Lu11	1161927	2	0.0	7.8431372549019605	NA	NA
Pseudomonas phage PS-1	1573458	2	0.0	7.8431372549019605	NA	NA
Mannheimia phage vB_MhS_1152AP2	1572747	2	0.0	7.8431372549019605	NA	NA
Varicellovirus equidalpha3	3050277	2	0.0	7.8431372549019605	NA	NA
Snuvirus SNUABM7	3060715	2	0.0	7.8431372549019605	NA	NA
Trinevirus trine	2734284	2	0.0	7.8431372549019605	NA	NA
Bigmanorsvirus bgmanors32	3059778	2	0.0	7.8431372549019605	NA	NA
Takahashivirus PBS1	10683	2	0.0	7.8431372549019605	NA	NA
Brigitvirus brigit	2734096	2	0.0	7.8431372549019605	NA	NA
Puppervirus Pupper	2956343	2	0.0	7.8431372549019605	NA	NA
Pemunavirus PM1	2843778	2	0.0	7.8431372549019605	NA	NA
Biquartavirus 44RR2	115987	2	0.0	7.8431372549019605	NA	NA
Neferthenavirus neferthena	2734261	2	0.0	7.8431372549019605	NA	NA
Ferozepurvirus pAEv1810	3059998	2	0.0	7.8431372549019605	NA	NA
Seoulvirus SPN3US	1984796	2	0.0	7.8431372549019605	NA	NA
Phrappuccinovirus phrappuccino	3431661	2	0.0	7.8431372549019605	NA	NA
Phleivirus Phlei	2956314	2	0.0	7.8431372549019605	NA	NA
Simplexvirus paninealpha3	3050333	2	0.0	7.8431372549019605	NA	NA
Hadassahvirus pht2	2843638	2	0.0	7.8431372549019605	NA	NA
Sarumanvirus bcepsaruman	2843896	2	0.0	7.8431372549019605	NA	NA
Hollowayvirus H66	1273707	2	0.0	7.8431372549019605	NA	NA
Equid herpesvirus 6	173566	2	0.0	7.8431372549019605	NA	NA
Kwaitsingvirus HK446	2169921	2	0.0	7.8431372549019605	NA	NA
Buchavirus copri	2955549	2	0.0	7.8431372549019605	NA	NA
Ceetrepovirus darwin	3427838	2	0.0	7.8431372549019605	NA	NA
Ralstonia phage RSS30	1352227	2	0.0	7.8431372549019605	NA	NA
Alphasphaerolipovirus serpentinense	2955318	2	0.0	7.8431372549019605	NA	NA
Centumtrigintavirus cv133	3427844	1	0.0	3.9215686274509802	NA	NA
Risoevirus cronus	3432166	1	0.0	3.9215686274509802	NA	NA
Acinetobacter phage Ac42	762660	1	0.0	3.9215686274509802	NA	NA
Cinqassovirus ah1	2955704	1	0.0	3.9215686274509802	NA	NA
Krischvirus gec3s	2560444	1	0.0	3.9215686274509802	NA	NA
Angelvirus px29	2955358	1	0.0	3.9215686274509802	NA	NA
Kujavirus kuja	2841283	1	0.0	3.9215686274509802	NA	NA
Tedavirus A829	2841302	1	0.0	3.9215686274509802	NA	NA
Eptesicus fuscus gammaherpesvirus	2035399	1	0.0	3.9215686274509802	NA	NA
Macavirus alcelaphinegamma1	3050134	1	0.0	3.9215686274509802	NA	NA
Percavirus equidgamma5	3050282	1	0.0	3.9215686274509802	NA	NA
Muromegalovirus muridbeta1	3050323	1	0.0	3.9215686274509802	NA	NA
Elephant endotheliotropic herpesvirus 4	548914	1	0.0	3.9215686274509802	NA	NA
Ictavirus ictaluridallo2	3050302	1	0.0	3.9215686274509802	NA	NA
Gelderlandvirus cgg41	2955945	1	0.0	3.9215686274509802	NA	NA
Mosigvirus c120	2956203	1	0.0	3.9215686274509802	NA	NA
Varicellovirus caprinealpha1	3050252	1	0.0	3.9215686274509802	NA	NA
Varicellovirus cervidalpha2	3050260	1	0.0	3.9215686274509802	NA	NA
Simplexvirus atelinealpha1	3050138	1	0.0	3.9215686274509802	NA	NA
Simplexvirus leporidalpha4	3050304	1	0.0	3.9215686274509802	NA	NA
Simplexvirus papiinealpha2	3050336	1	0.0	3.9215686274509802	NA	NA
Simplexvirus saimiriinealpha1	3050348	1	0.0	3.9215686274509802	NA	NA
Rhadinovirus macacinegamma12	3050313	1	0.0	3.9215686274509802	NA	NA
Rhadinovirus macacinegamma5	3050315	1	0.0	3.9215686274509802	NA	NA
Kolesnikvirus Ea214	1965384	1	0.0	3.9215686274509802	NA	NA
Quivirus qui	3060665	1	0.0	3.9215686274509802	NA	NA
Triplejayvirus tripleJ	2843732	1	0.0	3.9215686274509802	NA	NA
Pavtokvirus PEp14	3060523	1	0.0	3.9215686274509802	NA	NA
Xiamenvirus RDJL1	1982373	1	0.0	3.9215686274509802	NA	NA
Backyardiganvirus noelle	2955405	1	0.0	3.9215686274509802	NA	NA
Purivirus UFJFPfDIW6	3060664	1	0.0	3.9215686274509802	NA	NA
Rerduovirus RGL3	1109716	1	0.0	3.9215686274509802	NA	NA
Skunavirus CB19	665886	1	0.0	3.9215686274509802	NA	NA
Sessunavirus SESS1	2956437	1	0.0	3.9215686274509802	NA	NA
Seodaemunguvirus YMC16-01N133	2956433	1	0.0	3.9215686274509802	NA	NA
Phobosvirus phobos	2956316	1	0.0	3.9215686274509802	NA	NA
Maxdohrnvirus SS2019XI	2956186	1	0.0	3.9215686274509802	NA	NA
Gilsonvirus comrade	2846395	1	0.0	3.9215686274509802	NA	NA
Gruunavirus GTE5	2955961	1	0.0	3.9215686274509802	NA	NA
Gruunavirus flapper	2955962	1	0.0	3.9215686274509802	NA	NA
Jawnskivirus jawnski	3430002	1	0.0	3.9215686274509802	NA	NA
Coopervirus stinger	1983119	1	0.0	3.9215686274509802	NA	NA
Acadianvirus baee	1982902	1	0.0	3.9215686274509802	NA	NA
Acadianvirus reprobate	1982903	1	0.0	3.9215686274509802	NA	NA
Julieunavirus julie1	2956033	1	0.0	3.9215686274509802	NA	NA
Mycobacterium phage KayaCho	1340830	1	0.0	3.9215686274509802	NA	NA
Imvubuvirus imvubu	2955990	1	0.0	3.9215686274509802	NA	NA
Thonkovirus thonko	2956529	1	0.0	3.9215686274509802	NA	NA
Salmonella phage vB_SemP_Emek	1168548	1	0.0	3.9215686274509802	NA	NA
Lederbergvirus BTP1	1934252	1	0.0	3.9215686274509802	NA	NA
Hollowayvirus F116	280701	1	0.0	3.9215686274509802	NA	NA
Hollowayvirus LKA5	3429778	1	0.0	3.9215686274509802	NA	NA
Schmidtvirus schmidt	2956401	1	0.0	3.9215686274509802	NA	NA
Pakpunavirus B55	3431318	1	0.0	3.9215686274509802	NA	NA
Avocadovirus flagstaff	2955392	1	0.0	3.9215686274509802	NA	NA
Cuauhnahuacvirus TM30	3059910	1	0.0	3.9215686274509802	NA	NA
Fohxhuevirus gastrointestinalis	2955907	1	0.0	3.9215686274509802	NA	NA
Kingevirus communis	2956060	1	0.0	3.9215686274509802	NA	NA
Kehishuvirus splanchnicus	2956054	1	0.0	3.9215686274509802	NA	NA
Shamshuipovirus mEpX2	2169928	1	0.0	3.9215686274509802	NA	NA
Cimandefvirus Ggerry	2846046	1	0.0	3.9215686274509802	NA	NA
Webervirus KP36	1920861	1	0.0	3.9215686274509802	NA	NA
Samwavirus stiles	2844019	1	0.0	3.9215686274509802	NA	NA
Salmonella phage epsilon34	348058	1	0.0	3.9215686274509802	NA	NA
Fromanvirus D29	28369	1	0.0	3.9215686274509802	NA	NA
Fromanvirus U2	1993862	1	0.0	3.9215686274509802	NA	NA
Bixzunavirus Bxz1	2006134	1	0.0	3.9215686274509802	NA	NA
Dexdertvirus tiamoceli	2955755	1	0.0	3.9215686274509802	NA	NA
Zitchvirus verity	2956711	1	0.0	3.9215686274509802	NA	NA
Vividuovirus paries	2956667	1	0.0	3.9215686274509802	NA	NA
Vividuovirus jabberwocky	2956662	1	0.0	3.9215686274509802	NA	NA
Leonardvirus melbins	2956112	1	0.0	3.9215686274509802	NA	NA
Abidjanvirus Ab18	3425956	1	0.0	3.9215686274509802	NA	NA
Bosavirus bosa	2955515	1	0.0	3.9215686274509802	NA	NA
Cinvestavvirus PaMx74	3427948	1	0.0	3.9215686274509802	NA	NA
Ghuizhouvirus A1432	3429002	1	0.0	3.9215686274509802	NA	NA
Keylargovirus JL001	279383	1	0.0	3.9215686274509802	NA	NA
Mycobacterium phage Severus	1327776	1	0.0	3.9215686274509802	NA	NA
Mycobacterium phage Fredward	1354510	1	0.0	3.9215686274509802	NA	NA
Mycobacterium phage Alsfro	1458724	1	0.0	3.9215686274509802	NA	NA
Nymphadoravirus agueybana	3060423	1	0.0	3.9215686274509802	NA	NA
Nymphadoravirus bunnybear	3060426	1	0.0	3.9215686274509802	NA	NA
Nymphadoravirus thankyoujordi	3060431	1	0.0	3.9215686274509802	NA	NA
Baxterfoxvirus baxterfox	3426655	1	0.0	3.9215686274509802	NA	NA
Edwardsroadvirus RRH1	3428441	1	0.0	3.9215686274509802	NA	NA
Melbournevirus REQ2	3436057	1	0.0	3.9215686274509802	NA	NA
Montyvirus birksandsocks	2734256	1	0.0	3.9215686274509802	NA	NA
Montyvirus stevefrench	2734258	1	0.0	3.9215686274509802	NA	NA
Commandariavirus commandaria	3428071	1	0.0	3.9215686274509802	NA	NA
Metamorphoovirus jayden	3430819	1	0.0	3.9215686274509802	NA	NA
Metamorphoovirus teamocil	3430820	1	0.0	3.9215686274509802	NA	NA
Quhwahvirus paschalis	2182400	1	0.0	3.9215686274509802	NA	NA
Quhwahvirus shotgun	3432068	1	0.0	3.9215686274509802	NA	NA
Margaeryvirus margaery	3430666	1	0.0	3.9215686274509802	NA	NA
Pankowvirus pv1717	2844169	1	0.0	3.9215686274509802	NA	NA
Oneupvirus brutongaster	2734263	1	0.0	3.9215686274509802	NA	NA
Ignaciovirus axejc	3429905	1	0.0	3.9215686274509802	NA	NA
Okubovirus camphawk	1986015	1	0.0	3.9215686274509802	NA	NA
Kochikohdavirus ECP3	2560418	1	0.0	3.9215686274509802	NA	NA
Unicornvirus shandong1	2956579	1	0.0	3.9215686274509802	NA	NA
Anayavirus anaya	1034152	1	0.0	3.9215686274509802	NA	NA
Anayavirus urkel	2955350	1	0.0	3.9215686274509802	NA	NA
Anayavirus marshawn	2955344	1	0.0	3.9215686274509802	NA	NA
Amginevirus amohnition	2955325	1	0.0	3.9215686274509802	NA	NA
Mechnikovvirus JD18	3430749	1	0.0	3.9215686274509802	NA	NA
Torontovirus JBD25	3432931	1	0.0	3.9215686274509802	NA	NA
Corndogvirus firecracker	1089135	1	0.0	3.9215686274509802	NA	NA
Korravirus kittykat	2956070	1	0.0	3.9215686274509802	NA	NA
Myosmarvirus MTx	2846180	1	0.0	3.9215686274509802	NA	NA
Bignuzvirus bignuz	1983736	1	0.0	3.9215686274509802	NA	NA
Tortellinivirus tortellini	3432938	1	0.0	3.9215686274509802	NA	NA
Northamptonvirus jeon	3060420	1	0.0	3.9215686274509802	NA	NA
Anchaingvirus anchaing	2846038	1	0.0	3.9215686274509802	NA	NA
Risjevirus RSJ2	2733594	1	0.0	3.9215686274509802	NA	NA
Przondovirus KN11	2733671	1	0.0	3.9215686274509802	NA	NA
Kayfunavirus Ro45lw	2733643	1	0.0	3.9215686274509802	NA	NA
Berlinvirus BSP161	2732784	1	0.0	3.9215686274509802	NA	NA
Banchanvirus SS1201	2733894	1	0.0	3.9215686274509802	NA	NA
Santhisvirus tarzan	3432256	1	0.0	3.9215686274509802	NA	NA
Beetrevirus B3	2560656	1	0.0	3.9215686274509802	NA	NA
Wizardvirus portcullis	2956692	1	0.0	3.9215686274509802	NA	NA
Arequatrovirus paedore	2955378	1	0.0	3.9215686274509802	NA	NA
Caelumvirus issmi	2955567	1	0.0	3.9215686274509802	NA	NA
Celiavirus celia	2955597	1	0.0	3.9215686274509802	NA	NA
Caulobacter virus Karma	1211641	1	0.0	3.9215686274509802	NA	NA
Caulobacter virus Magneto	1211642	1	0.0	3.9215686274509802	NA	NA
Colossusvirus colossus	2734194	1	0.0	3.9215686274509802	NA	NA
Pradovirus f30	1985735	1	0.0	3.9215686274509802	NA	NA
Acinetobacter phage vB_AbaM_Acibel004	1481186	1	0.0	3.9215686274509802	NA	NA
Acinetobacter phage vB_AbaM_phiAbaA1	1605379	1	0.0	3.9215686274509802	NA	NA
Unahavirus uv6H	2560472	1	0.0	3.9215686274509802	NA	NA
Jerseyvirus SETP13	2005694	1	0.0	3.9215686274509802	NA	NA
Alexandravirus AD1	2734080	1	0.0	3.9215686274509802	NA	NA
Maxrubnervirus PMBT3	2734251	1	0.0	3.9215686274509802	NA	NA
Gimaduovirus GMA2	3060018	1	0.0	3.9215686274509802	NA	NA
Fajavirus faja	3059993	1	0.0	3.9215686274509802	NA	NA
Dongdastvirus Axp3	2843626	1	0.0	3.9215686274509802	NA	NA
Mimasvirus GAP32	2560400	1	0.0	3.9215686274509802	NA	NA
Mimasvirus CBB	2560628	1	0.0	3.9215686274509802	NA	NA
Klausavirus kburrousTX	2843725	1	0.0	3.9215686274509802	NA	NA
Klausavirus lymara	2843728	1	0.0	3.9215686274509802	NA	NA
Austintatiousvirus austintatious	2734219	1	0.0	3.9215686274509802	NA	NA
Lessievirus bcep22	242527	1	0.0	3.9215686274509802	NA	NA
Lessievirus bcepil02	644524	1	0.0	3.9215686274509802	NA	NA
Camvirus sitrop	2955577	1	0.0	3.9215686274509802	NA	NA
Enterobacteria phage mEp237	1147151	1	0.0	3.9215686274509802	NA	NA
Cetovirus ceto	2060092	1	0.0	3.9215686274509802	NA	NA
Cheoctovirus SG4	3427890	1	0.0	3.9215686274509802	NA	NA
Thetabobvirus tchen	3432796	1	0.0	3.9215686274509802	NA	NA
Zicotriavirus ZC08	2845968	1	0.0	3.9215686274509802	NA	NA
Aorunvirus EE36phi1	2846414	1	0.0	3.9215686274509802	NA	NA
Zurivirus zuri	2845969	1	0.0	3.9215686274509802	NA	NA
Amginevirus darthP	2955326	1	0.0	3.9215686274509802	NA	NA
Kratiovirus larva	1056831	1	0.0	3.9215686274509802	NA	NA
Timquatrovirus zoeJ	2956533	1	0.0	3.9215686274509802	NA	NA
Aminayvirus aminay	2955329	1	0.0	3.9215686274509802	NA	NA
Casadabanvirus JD024	3059844	1	0.0	3.9215686274509802	NA	NA
Likavirus caliburn	1982885	1	0.0	3.9215686274509802	NA	NA
Camvirus CAM	1982883	1	0.0	3.9215686274509802	NA	NA
Camvirus alsaber	2955572	1	0.0	3.9215686274509802	NA	NA
Ravarandavirus kac68v161	2845690	1	0.0	3.9215686274509802	NA	NA
Chenonavirus Che9c	205872	1	0.0	3.9215686274509802	NA	NA
Barnyardvirus barnyard	1982363	1	0.0	3.9215686274509802	NA	NA
Seahorsevirus seahorse	3060691	1	0.0	3.9215686274509802	NA	NA
Triavirus tv42e	320837	1	0.0	3.9215686274509802	NA	NA
Tinduovirus TIN3	1982571	1	0.0	3.9215686274509802	NA	NA
Ionavirus W14	2560406	1	0.0	3.9215686274509802	NA	NA
Skulduggeryvirus skulduggery	3060714	1	0.0	3.9215686274509802	NA	NA
Luckytenvirus lucky10	2734247	1	0.0	3.9215686274509802	NA	NA
Mycoabscvirus phiT46-1	2956208	1	0.0	3.9215686274509802	NA	NA
Goodmanvirus goodman	2734238	1	0.0	3.9215686274509802	NA	NA
Godonkavirus godonK	2734237	1	0.0	3.9215686274509802	NA	NA
Gillianvirus oneinagillian	2734236	1	0.0	3.9215686274509802	NA	NA
Demosthenesvirus katyusha	1982108	1	0.0	3.9215686274509802	NA	NA
Cobrasixvirus cobrasix	3059893	1	0.0	3.9215686274509802	NA	NA
Appavirus appa	2734215	1	0.0	3.9215686274509802	NA	NA
Squashvirus hyperion	2734280	1	0.0	3.9215686274509802	NA	NA
Heverleevirus OLIVR5	3052245	1	0.0	3.9215686274509802	NA	NA
Seussvirus seuss	2734278	1	0.0	3.9215686274509802	NA	NA
Schnabeltiervirus schnabeltier	2734276	1	0.0	3.9215686274509802	NA	NA
Jilinvirus ep3	1918727	1	0.0	3.9215686274509802	NA	NA
Gordonia phage Utz	1838081	1	0.0	3.9215686274509802	NA	NA
Dinavirus dina	2846739	1	0.0	3.9215686274509802	NA	NA
Sheenvirus Sheen	2956443	1	0.0	3.9215686274509802	NA	NA
Gervaisevirus GP4	2846044	1	0.0	3.9215686274509802	NA	NA
Ryyoungvirus bcepC6B	279280	1	0.0	3.9215686274509802	NA	NA
Baileybluvirus baileyblu	3059755	1	0.0	3.9215686274509802	NA	NA
Raleighvirus raleigh	2734267	1	0.0	3.9215686274509802	NA	NA
Becedseptimavirus BCD7	2843753	1	0.0	3.9215686274509802	NA	NA
Veracruzvirus pistachio	2956640	1	0.0	3.9215686274509802	NA	NA
Camtrevirus S3501	2843789	1	0.0	3.9215686274509802	NA	NA
Pukovnikvirus ironman	2956341	1	0.0	3.9215686274509802	NA	NA
Brochothrix phage BL3	764562	1	0.0	3.9215686274509802	NA	NA
Clostridium phage c-st	12336	1	0.0	3.9215686274509802	NA	NA
Pectobacterium phage ZF40	1127516	1	0.0	3.9215686274509802	NA	NA
Salmonella phage SSU5	1177632	1	0.0	3.9215686274509802	NA	NA
Lactobacillus prophage Lj928	139872	1	0.0	3.9215686274509802	NA	NA
Yangshan Harbor Nitrososphaeria virus	2969597	1	0.0	3.9215686274509802	NA	NA
Salmonella phage SPN3UB	1147140	1	0.0	3.9215686274509802	NA	NA
Gordtnkvirus gordtnk2	1982219	1	0.0	3.9215686274509802	NA	NA
Ittyvirus itty13	3060058	1	0.0	3.9215686274509802	NA	NA
Whiteheadvirus wv1358	2845151	1	0.0	3.9215686274509802	NA	NA
Aurunvirus STIM5	2734088	1	0.0	3.9215686274509802	NA	NA
Yersinia phage phiR1-37	331278	1	0.0	3.9215686274509802	NA	NA
Rhodovulum phage vB_RhkS_P1	1873452	1	0.0	3.9215686274509802	NA	NA
Lactobacillus phage phiPYB5	438780	1	0.0	3.9215686274509802	NA	NA
Burkholderia phage KS10	557289	1	0.0	3.9215686274509802	NA	NA
Ralstonia phage RS138	1483485	1	0.0	3.9215686274509802	NA	NA
Mementomorivirus cressida	3430795	1	0.0	3.9215686274509802	NA	NA
Chymeravirus chymera	3427943	1	0.0	3.9215686274509802	NA	NA
Bantamvirus bantam	2560484	1	0.0	3.9215686274509802	NA	NA
Halfdanvirus halfdan	3429154	1	0.0	3.9215686274509802	NA	NA
Efekovirus efeko	3428447	1	0.0	3.9215686274509802	NA	NA
Coatlandelriovirus RSP	2955710	1	0.0	3.9215686274509802	NA	NA
Naesvirus bcepNY3	446807	1	0.0	3.9215686274509802	NA	NA
Finchvirus finch	2955888	1	0.0	3.9215686274509802	NA	NA
Veewebvirus vwb	3060797	1	0.0	3.9215686274509802	NA	NA
Parlovirus parlo	2846185	1	0.0	3.9215686274509802	NA	NA
Bernalvirus bernal13	1982102	1	0.0	3.9215686274509802	NA	NA
Chaovirus bigenum	3427862	1	0.0	3.9215686274509802	NA	NA
Rahariannevirus raharianne	2846050	1	0.0	3.9215686274509802	NA	NA
Sasdunavirus SASD1	3060679	1	0.0	3.9215686274509802	NA	NA
Samsavirus crystalli	3432247	1	0.0	3.9215686274509802	NA	NA
Oscarsovirus oscarso	3431516	1	0.0	3.9215686274509802	NA	NA
Coltivirus ixodis	3428067	1	0.0	3.9215686274509802	NA	NA
Theiavirus salishense	3060737	1	0.0	3.9215686274509802	NA	NA
Toursvirus dptv1a	3047794	1	0.0	3.9215686274509802	NA	NA
Lymphocystis disease virus Sa	1898060	1	0.0	3.9215686274509802	NA	NA
Chloriridovirus simulium2	3427925	1	0.0	3.9215686274509802	NA	NA
Tokyovirus A1	1826170	1	0.0	3.9215686274509802	NA	NA
Citexvirus BR319A	2955705	1	0.0	3.9215686274509802	NA	NA
Alphasphaerolipovirus pinkense	2955317	1	0.0	3.9215686274509802	NA	NA
Hohrdovirus pedovivens	2844849	1	0.0	3.9215686274509802	NA	NA
Uukuvirus tyulenyense	3052809	1	0.0	3.9215686274509802	NA	NA
Orthobunyavirus biraoense	3052375	1	0.0	3.9215686274509802	NA	NA
Betanucleorhabdovirus asclepiadis	3059772	1	0.0	3.9215686274509802	NA	NA
Sripuvirus almpiwar	1985693	1	0.0	3.9215686274509802	NA	NA
Hepatovirus bephopi	3429213	1	0.0	3.9215686274509802	NA	NA
Pegivirus hominis	3052608	1	0.0	3.9215686274509802	NA	NA
Orthoflavivirus loupingi	3048184	1	0.0	3.9215686274509802	NA	NA
Shenzhenivirus sszbm1	3060701	1	0.0	3.9215686274509802	NA	NA
Ormenosvirus syn9	2956240	1	0.0	3.9215686274509802	NA	NA
Tequatrovirus ime09	1914200	1	0.0	3.9215686274509802	NA	NA
Tequatrovirus ozark	2844216	1	0.0	3.9215686274509802	NA	NA
Karamvirus pg7	1913655	1	0.0	3.9215686274509802	NA	NA
Jiaodavirus kpv477	2956013	1	0.0	3.9215686274509802	NA	NA
Moonvirus kayemsixteen	3060391	1	0.0	3.9215686274509802	NA	NA
Kanagawavirus threeohfive	3060062	1	0.0	3.9215686274509802	NA	NA
Derbicusvirus derbicus	2734104	1	0.0	3.9215686274509802	NA	NA
Erwinia phage vB_EamM_Phobos	1883377	1	0.0	3.9215686274509802	NA	NA
Risingsunvirus risingsun	2560435	1	0.0	3.9215686274509802	NA	NA
Chaoshanvirus ZPAH34	3059856	1	0.0	3.9215686274509802	NA	NA
Maaswegvirus Kp24	3060175	1	0.0	3.9215686274509802	NA	NA
Yushanluvirus satich	3060825	1	0.0	3.9215686274509802	NA	NA
Yellowseavirus thirtyeight	3060818	1	0.0	3.9215686274509802	NA	NA
Nerrivikvirus srim2	2734125	1	0.0	3.9215686274509802	NA	NA
Alphabaculovirus peluscae	3051421	1	0.0	3.9215686274509802	NA	NA
Bracoviriform congregatae	39640	1	0.0	3.9215686274509802	NA	NA
Alphatorquevirus homin21	3048423	1	0.0	3.9215686274509802	NA	NA
Ceetrepovirus stickynote	2955596	1	0.0	3.9215686274509802	NA	NA
Aurodevirus hiberniae	2955382	1	0.0	3.9215686274509802	NA	NA
Dabirmavirus hominis	2955735	1	0.0	3.9215686274509802	NA	NA
Endlipuvirus intestinihominis	2955861	1	0.0	3.9215686274509802	NA	NA
Jahgtovirus intestinalis	2955996	1	0.0	3.9215686274509802	NA	NA
Epsilonentomopoxvirus dlongicaudata	3428560	1	0.0	3.9215686274509802	NA	NA
Mastadenovirus caesari	3241411	1	0.0	3.9215686274509802	NA	NA
Aviadenovirus gallopavoprimum	3426526	1	0.0	3.9215686274509802	NA	NA
Aviadenovirus hepatitidis	3426530	1	0.0	3.9215686274509802	NA	NA
Kaumoebavirus	1859492	1	0.0	3.9215686274509802	NA	NA
Pacmanvirus A23	1932881	1	0.0	3.9215686274509802	NA	NA
Mollivirus sibericum	1678078	1	0.0	3.9215686274509802	NA	NA
Alphabaculovirus lydisparis	3048188	1	0.0	3.9215686274509802	NA	NA
Novemvirus T5282H	2844122	1	0.0	3.9215686274509802	NA	NA
Kisquattuordecimvirus KS14	2734065	1	0.0	3.9215686274509802	NA	NA
Phikzvirus phiKZ	169683	1	0.0	3.9215686274509802	NA	NA
Erskinevirus asesino	2169882	1	0.0	3.9215686274509802	NA	NA
Losannavirus tunisense	1255301	1	0.0	3.9215686274509802	NA	NA
Alphaorpheovirus massiliense	3426221	1	0.0	3.9215686274509802	NA	NA
Parapoxvirus pseudocowpox	3431390	1	0.0	3.9215686274509802	NA	NA
Orthopoxvirus monkeypox	3431483	1	0.0	3.9215686274509802	NA	NA
Tigrvirus BP822	3060742	1	0.0	3.9215686274509802	NA	NA
Peduovirus FSLSP004	3431429	1	0.0	3.9215686274509802	NA	NA
Peduovirus P22H4	2844218	1	0.0	3.9215686274509802	NA	NA
Xuanwuvirus xv520873	2844179	1	0.0	3.9215686274509802	NA	NA
Aptresvirus mana	2955375	1	0.0	3.9215686274509802	NA	NA
Aresaunavirus RSA1	406340	1	0.0	3.9215686274509802	NA	NA
Arsenicumvirus M163	3059738	1	0.0	3.9215686274509802	NA	NA
Eganvirus SW9	2846110	1	0.0	3.9215686274509802	NA	NA
